year,table,population,sex,revision,url,report_pdf,local_file,bytes,sha256
2005,1,Total,Both,revised intercensal,https://ftp.cdc.gov/pub/Health_Statistics/NCHS/Publications/NVSR/58_10/Table01_Intercensal.xls,https://www.cdc.gov/nchs/data/nvsr/nvsr58/nvsr58_10.pdf,data-raw/downloads/national/2005_table01_both.xls,48640,607c21239e553651943a4b5a13639861a95157cde510d32b9c6bc9e9fb41976e
2005,2,Total,Male,revised intercensal,https://ftp.cdc.gov/pub/Health_Statistics/NCHS/Publications/NVSR/58_10/Table02_Intercensal.xls,https://www.cdc.gov/nchs/data/nvsr/nvsr58/nvsr58_10.pdf,data-raw/downloads/national/2005_table02_male.xls,47104,49b75685d23254cee862a001d178b741ce3201f7a786f2ba7ae9a7154151f9cb
2005,3,Total,Female,revised intercensal,https://ftp.cdc.gov/pub/Health_Statistics/NCHS/Publications/NVSR/58_10/Table03_Intercensal.xls,https://www.cdc.gov/nchs/data/nvsr/nvsr58/nvsr58_10.pdf,data-raw/downloads/national/2005_table03_female.xls,48640,cd17477ff9375b0dcbf6c7580f5f6d51d8ab67b7c5141d5da0845e8797e1edf5
2006,1,Total,Both,revised intercensal,https://ftp.cdc.gov/pub/Health_Statistics/NCHS/Publications/NVSR/58_21/Table01_Intercensal.xlsx,https://www.cdc.gov/nchs/data/nvsr/nvsr58/nvsr58_21.pdf,data-raw/downloads/national/2006_table01_both.xlsx,19544,a59983446e54f042a8cf87f60cad9b287f74305d3a4ea549ea8971fad75bef78
2006,2,Total,Male,revised intercensal,https://ftp.cdc.gov/pub/Health_Statistics/NCHS/Publications/NVSR/58_21/Table02_Intercensal.xlsx,https://www.cdc.gov/nchs/data/nvsr/nvsr58/nvsr58_21.pdf,data-raw/downloads/national/2006_table02_male.xlsx,19668,1218dba646d6bea339fd6f623d40bf092d0c36f1af4a8738504d02251369c82a
2006,3,Total,Female,revised intercensal,https://ftp.cdc.gov/pub/Health_Statistics/NCHS/Publications/NVSR/58_21/Table03_Intercensal.xlsx,https://www.cdc.gov/nchs/data/nvsr/nvsr58/nvsr58_21.pdf,data-raw/downloads/national/2006_table03_female.xlsx,19647,e8f3fa026defe6cd50dae679beef742094cfbbf6989e69827ce5b8978d326c39
2007,1,Total,Both,revised intercensal,https://ftp.cdc.gov/pub/Health_Statistics/NCHS/Publications/NVSR/59_09/Table01_Intercensal.xlsx,https://www.cdc.gov/nchs/data/nvsr/nvsr59/nvsr59_09.pdf,data-raw/downloads/national/2007_table01_both.xlsx,19498,9a3377492560f2176446393ddb591a0f21b4cbaa4f85ba63be19fbbc9ed1e354
2007,2,Total,Male,revised intercensal,https://ftp.cdc.gov/pub/Health_Statistics/NCHS/Publications/NVSR/59_09/Table02_Intercensal.xlsx,https://www.cdc.gov/nchs/data/nvsr/nvsr59/nvsr59_09.pdf,data-raw/downloads/national/2007_table02_male.xlsx,19641,32b63bedb414e3543aad30ca72d005483fa3c6fbe4b9c8f0825ef6aee5061460
2007,3,Total,Female,revised intercensal,https://ftp.cdc.gov/pub/Health_Statistics/NCHS/Publications/NVSR/59_09/Table03_Intercensal.xlsx,https://www.cdc.gov/nchs/data/nvsr/nvsr59/nvsr59_09.pdf,data-raw/downloads/national/2007_table03_female.xlsx,19535,a124c4af4c6ffce5dd0ba7d4a0aa9c63d5ea3ca693b25e65bfccb1096113249c
2008,1,Total,Both,revised intercensal,https://ftp.cdc.gov/pub/Health_Statistics/NCHS/Publications/NVSR/61_03/Table01_Intercensal.xlsx,https://www.cdc.gov/nchs/data/nvsr/nvsr61/nvsr61_03.pdf,data-raw/downloads/national/2008_table01_both.xlsx,20550,50cf43b6c2d3cda1fff40b80b368ed81d317f29b01c9c2915ed4b6e0f969364a
2008,2,Total,Male,revised intercensal,https://ftp.cdc.gov/pub/Health_Statistics/NCHS/Publications/NVSR/61_03/Table02_Intercensal.xlsx,https://www.cdc.gov/nchs/data/nvsr/nvsr61/nvsr61_03.pdf,data-raw/downloads/national/2008_table02_male.xlsx,19563,233728526265776043edc20bec15b6bba1fadae31d16dfdb0f706e367ee93844
2008,3,Total,Female,revised intercensal,https://ftp.cdc.gov/pub/Health_Statistics/NCHS/Publications/NVSR/61_03/Table03_Intercensal.xlsx,https://www.cdc.gov/nchs/data/nvsr/nvsr61/nvsr61_03.pdf,data-raw/downloads/national/2008_table03_female.xlsx,19666,3329699012a41fdc5b5070c76af3c39567fb2d8bf035923f1a4e01d9517967e8
2009,1,Total,Both,revised intercensal,https://ftp.cdc.gov/pub/Health_Statistics/NCHS/Publications/NVSR/62_07/Table01_Intercensal.xlsx,https://www.cdc.gov/nchs/data/nvsr/nvsr62/nvsr62_07.pdf,data-raw/downloads/national/2009_table01_both.xlsx,18138,8084e7c1bc0ad376a15a7f707d5a5ef99bf4baf96d606eef26bfd3beeb26521c
2009,2,Total,Male,revised intercensal,https://ftp.cdc.gov/pub/Health_Statistics/NCHS/Publications/NVSR/62_07/Table02_Intercensal.xlsx,https://www.cdc.gov/nchs/data/nvsr/nvsr62/nvsr62_07.pdf,data-raw/downloads/national/2009_table02_male.xlsx,18153,d5c1b1f6a4a70780367f45445ea8f1365b155219017b527e02cce520e73535d9
2009,3,Total,Female,revised intercensal,https://ftp.cdc.gov/pub/Health_Statistics/NCHS/Publications/NVSR/62_07/Table03_Intercensal.xlsx,https://www.cdc.gov/nchs/data/nvsr/nvsr62/nvsr62_07.pdf,data-raw/downloads/national/2009_table03_female.xlsx,18058,7153f73d37306af2c15a08326f299f420a03044082010e8e56caeeafe65bead8
2010,1,Total,Both,final,https://ftp.cdc.gov/pub/Health_Statistics/NCHS/Publications/NVSR/63_07/Table01.xlsx,https://www.cdc.gov/nchs/data/nvsr/nvsr63/nvsr63_07.pdf,data-raw/downloads/national/2010_table01_both.xlsx,18179,b11ea33ca536e801d64b1246b519b7d90d9cf7551860307f1d61317a3e97bfa4
2010,2,Total,Male,final,https://ftp.cdc.gov/pub/Health_Statistics/NCHS/Publications/NVSR/63_07/Table02.xlsx,https://www.cdc.gov/nchs/data/nvsr/nvsr63/nvsr63_07.pdf,data-raw/downloads/national/2010_table02_male.xlsx,18169,cf6604562d79049bf9d388b1a6d6a934e487ce8c08ccb218e42f7254afd5ca2e
2010,3,Total,Female,final,https://ftp.cdc.gov/pub/Health_Statistics/NCHS/Publications/NVSR/63_07/Table03.xlsx,https://www.cdc.gov/nchs/data/nvsr/nvsr63/nvsr63_07.pdf,data-raw/downloads/national/2010_table03_female.xlsx,18202,8935b323379a84b4848c211e11c7449ab0ff2a88ae28225c1673ec624ab5c394
2011,1,Total,Both,final,https://ftp.cdc.gov/pub/Health_Statistics/NCHS/Publications/NVSR/64_11/Table01.xlsx,https://www.cdc.gov/nchs/data/nvsr/nvsr64/nvsr64_11.pdf,data-raw/downloads/national/2011_table01_both.xlsx,18093,16afaca823d366508ed165ec76d5c2c92a2110afe7adb5a287bd04f9ffe65a83
2011,2,Total,Male,final,https://ftp.cdc.gov/pub/Health_Statistics/NCHS/Publications/NVSR/64_11/Table02.xlsx,https://www.cdc.gov/nchs/data/nvsr/nvsr64/nvsr64_11.pdf,data-raw/downloads/national/2011_table02_male.xlsx,17968,604197511f1d4db0ff20edc65c5ca152b2b67e644118a1544f534fd52915b175
2011,3,Total,Female,final,https://ftp.cdc.gov/pub/Health_Statistics/NCHS/Publications/NVSR/64_11/Table03.xlsx,https://www.cdc.gov/nchs/data/nvsr/nvsr64/nvsr64_11.pdf,data-raw/downloads/national/2011_table03_female.xlsx,17773,3a00f867a7e33b951fb55578885fbd0d8d45c2fb54d7c6d5cac4cd2ed22b82a7
2012,1,Total,Both,final,https://ftp.cdc.gov/pub/Health_Statistics/NCHS/Publications/NVSR/65_08/Table01.xlsx,https://www.cdc.gov/nchs/data/nvsr/nvsr65/nvsr65_08.pdf,data-raw/downloads/national/2012_table01_both.xlsx,18099,06d84c397ead82cdd1b6bcd5bd458621c690b8d0cb5cce91ca8f9e271e899325
2012,2,Total,Male,final,https://ftp.cdc.gov/pub/Health_Statistics/NCHS/Publications/NVSR/65_08/Table02.xlsx,https://www.cdc.gov/nchs/data/nvsr/nvsr65/nvsr65_08.pdf,data-raw/downloads/national/2012_table02_male.xlsx,17988,55fa5552026daf877ca4036991b00f1baec2a7fa01e9187aaf94a71353d1df8a
2012,3,Total,Female,final,https://ftp.cdc.gov/pub/Health_Statistics/NCHS/Publications/NVSR/65_08/Table03.xlsx,https://www.cdc.gov/nchs/data/nvsr/nvsr65/nvsr65_08.pdf,data-raw/downloads/national/2012_table03_female.xlsx,18026,afaa5e969cfdf38599bf07aeb0dde52a4eed6515f6ea87e02c1f85d54adef3f6
2013,1,Total,Both,final,https://ftp.cdc.gov/pub/Health_Statistics/NCHS/Publications/NVSR/66_03/Table01.xlsx,https://www.cdc.gov/nchs/data/nvsr/nvsr66/nvsr66_03.pdf,data-raw/downloads/national/2013_table01_both.xlsx,18834,a4e9900efa7be358f09f6775b6af4c342378a696fafefa11f94a249d99f0e356
2013,2,Total,Male,final,https://ftp.cdc.gov/pub/Health_Statistics/NCHS/Publications/NVSR/66_03/Table02.xlsx,https://www.cdc.gov/nchs/data/nvsr/nvsr66/nvsr66_03.pdf,data-raw/downloads/national/2013_table02_male.xlsx,19055,cd8e755699987d249269adf4e17f6d349d982a428fdc38c1f8ffd8cf4f1b9f02
2013,3,Total,Female,final,https://ftp.cdc.gov/pub/Health_Statistics/NCHS/Publications/NVSR/66_03/Table03.xlsx,https://www.cdc.gov/nchs/data/nvsr/nvsr66/nvsr66_03.pdf,data-raw/downloads/national/2013_table03_female.xlsx,19239,ca3c04ea21db8578f70c93620cb222e49ccf82818074224e6aad28045f1449ef
2014,1,Total,Both,final,https://ftp.cdc.gov/pub/Health_Statistics/NCHS/Publications/NVSR/66_04/Table01.xlsx,https://www.cdc.gov/nchs/data/nvsr/nvsr66/nvsr66_04.pdf,data-raw/downloads/national/2014_table01_both.xlsx,18808,c5692d53374a9395374b80175ce8fff6d37a8be7060f2c1f11c65c0a449054c6
2014,2,Total,Male,final,https://ftp.cdc.gov/pub/Health_Statistics/NCHS/Publications/NVSR/66_04/Table02.xlsx,https://www.cdc.gov/nchs/data/nvsr/nvsr66/nvsr66_04.pdf,data-raw/downloads/national/2014_table02_male.xlsx,19048,0c23694646e85a287cb9004e7594df03fd87e6b5dfae6eac562aed8ebb8fe121
2014,3,Total,Female,final,https://ftp.cdc.gov/pub/Health_Statistics/NCHS/Publications/NVSR/66_04/Table03.xlsx,https://www.cdc.gov/nchs/data/nvsr/nvsr66/nvsr66_04.pdf,data-raw/downloads/national/2014_table03_female.xlsx,19082,e17fa58dbeb1bf4537130337257f0587a0eccf3c9d916481202dbe9b4bf03fad
2015,1,Total,Both,final,https://ftp.cdc.gov/pub/Health_Statistics/NCHS/Publications/NVSR/67_07/Table01.xlsx,https://www.cdc.gov/nchs/data/nvsr/nvsr67/nvsr67_07-508.pdf,data-raw/downloads/national/2015_table01_both.xlsx,18453,5bb6baffc0ab696020c435d14c97e312463be7458f21de1dec20fefe6c96f802
2015,2,Total,Male,final,https://ftp.cdc.gov/pub/Health_Statistics/NCHS/Publications/NVSR/67_07/Table02.xlsx,https://www.cdc.gov/nchs/data/nvsr/nvsr67/nvsr67_07-508.pdf,data-raw/downloads/national/2015_table02_male.xlsx,18108,12389b96534415653d43edaeb2010077bc4c272c6d0efe429b93f27b3b341b57
2015,3,Total,Female,final,https://ftp.cdc.gov/pub/Health_Statistics/NCHS/Publications/NVSR/67_07/Table03.xlsx,https://www.cdc.gov/nchs/data/nvsr/nvsr67/nvsr67_07-508.pdf,data-raw/downloads/national/2015_table03_female.xlsx,18142,f1959a5e83b9c70e04053b20958558bda0049abb1c2af3f1c5de666315551f46
2016,1,Total,Both,final,https://ftp.cdc.gov/pub/Health_Statistics/NCHS/Publications/NVSR/68_04/Table01.xlsx,https://www.cdc.gov/nchs/data/nvsr/nvsr68/nvsr68_04-508.pdf,data-raw/downloads/national/2016_table01_both.xlsx,19461,4dbd702e40305dea7d00a2edd2df62fa9b9622987989a476911b6c6e2d4ec4f7
2016,2,Total,Male,final,https://ftp.cdc.gov/pub/Health_Statistics/NCHS/Publications/NVSR/68_04/Table02.xlsx,https://www.cdc.gov/nchs/data/nvsr/nvsr68/nvsr68_04-508.pdf,data-raw/downloads/national/2016_table02_male.xlsx,19355,b74b0e058f454a9af8d4fee0a36c6f4c472633631cec44d1c72d7afc7bbb475d
2016,3,Total,Female,final,https://ftp.cdc.gov/pub/Health_Statistics/NCHS/Publications/NVSR/68_04/Table03.xlsx,https://www.cdc.gov/nchs/data/nvsr/nvsr68/nvsr68_04-508.pdf,data-raw/downloads/national/2016_table03_female.xlsx,19393,14fc247a563131ae8ce7982d54f99c7c67d0a93fec2f5bba840b879805b7a6fa
2017,1,Total,Both,final,https://ftp.cdc.gov/pub/Health_Statistics/NCHS/Publications/NVSR/68_07/Table01.xlsx,https://www.cdc.gov/nchs/data/nvsr/nvsr68/nvsr68_07-508.pdf,data-raw/downloads/national/2017_table01_both.xlsx,19437,a3815aab189f9070155f563ccd4d36f3c17d9bd8017e5dddd9cf3ad4adca5d43
2017,2,Total,Male,final,https://ftp.cdc.gov/pub/Health_Statistics/NCHS/Publications/NVSR/68_07/Table02.xlsx,https://www.cdc.gov/nchs/data/nvsr/nvsr68/nvsr68_07-508.pdf,data-raw/downloads/national/2017_table02_male.xlsx,19451,65aa9bb7d4413c3f13fbcab5429341ddcb904114cf5222b56f809b57241d5c86
2017,3,Total,Female,final,https://ftp.cdc.gov/pub/Health_Statistics/NCHS/Publications/NVSR/68_07/Table03.xlsx,https://www.cdc.gov/nchs/data/nvsr/nvsr68/nvsr68_07-508.pdf,data-raw/downloads/national/2017_table03_female.xlsx,19465,e7f8eff61b664375541f65996632dce4ce4366d6e8135fbe8c29386476afa403
2018,1,Total,Both,final,https://ftp.cdc.gov/pub/Health_Statistics/NCHS/Publications/NVSR/69-12/Table01.xlsx,https://www.cdc.gov/nchs/data/nvsr/nvsr69/nvsr69-12-508.pdf,data-raw/downloads/national/2018_table01_both.xlsx,20885,ff8daa6bc27f5fd139abb660e7c7e5e62e7eeafaebf9718fd592dd6aea54c7e8
2018,2,Total,Male,final,https://ftp.cdc.gov/pub/Health_Statistics/NCHS/Publications/NVSR/69-12/Table02.xlsx,https://www.cdc.gov/nchs/data/nvsr/nvsr69/nvsr69-12-508.pdf,data-raw/downloads/national/2018_table02_male.xlsx,20906,927e3bf671de5cd0afb2539fa049e5c00c5a1fbc88f3aac136148587d047c520
2018,3,Total,Female,final,https://ftp.cdc.gov/pub/Health_Statistics/NCHS/Publications/NVSR/69-12/Table03.xlsx,https://www.cdc.gov/nchs/data/nvsr/nvsr69/nvsr69-12-508.pdf,data-raw/downloads/national/2018_table03_female.xlsx,20930,f8d1e04c3cfb2c26de715e85918e7162240dc696d06543bde4d23590b776550c
2019,1,Total,Both,final,https://ftp.cdc.gov/pub/Health_Statistics/NCHS/Publications/NVSR/70-19/Table01.xlsx,https://www.cdc.gov/nchs/data/nvsr/nvsr70/nvsr70-19.pdf,data-raw/downloads/national/2019_table01_both.xlsx,20882,caab57162fd4bf7d498f966f0dbb816cca81de9472257da59282dbb881678ba9
2019,2,Total,Male,final,https://ftp.cdc.gov/pub/Health_Statistics/NCHS/Publications/NVSR/70-19/Table02.xlsx,https://www.cdc.gov/nchs/data/nvsr/nvsr70/nvsr70-19.pdf,data-raw/downloads/national/2019_table02_male.xlsx,20791,0f039922cf41bb31c296d08aa9fdc13b07fa994ec36a4238dc79557a9d6d0da7
2019,3,Total,Female,final,https://ftp.cdc.gov/pub/Health_Statistics/NCHS/Publications/NVSR/70-19/Table03.xlsx,https://www.cdc.gov/nchs/data/nvsr/nvsr70/nvsr70-19.pdf,data-raw/downloads/national/2019_table03_female.xlsx,20850,cc812d34519cfa8c21be4ced51813d529aea292e59272eb354dd0e11ee68ff74
2019,4,Hispanic,Both,final,https://ftp.cdc.gov/pub/Health_Statistics/NCHS/Publications/NVSR/70-19/Table04.xlsx,https://www.cdc.gov/nchs/data/nvsr/nvsr70/nvsr70-19.pdf,data-raw/downloads/national/2019_table04_both.xlsx,20840,df781df4941c9e52c6393271938c24540266f04de96e86b0b72943ea19926d24
2019,5,Hispanic,Male,final,https://ftp.cdc.gov/pub/Health_Statistics/NCHS/Publications/NVSR/70-19/Table05.xlsx,https://www.cdc.gov/nchs/data/nvsr/nvsr70/nvsr70-19.pdf,data-raw/downloads/national/2019_table05_male.xlsx,20989,e7cdcf81d2b524a2c2aedae5437d6b986e3578740de0304b7a7a266653feb132
2019,6,Hispanic,Female,final,https://ftp.cdc.gov/pub/Health_Statistics/NCHS/Publications/NVSR/70-19/Table06.xlsx,https://www.cdc.gov/nchs/data/nvsr/nvsr70/nvsr70-19.pdf,data-raw/downloads/national/2019_table06_female.xlsx,22447,a38dcd8d59ce7bf6945c55c5b0b2915f6259a2ad0097406142e130c05ad5ed42
2019,7,American Indian or Alaska Native non-Hispanic,Both,final,https://ftp.cdc.gov/pub/Health_Statistics/NCHS/Publications/NVSR/70-19/Table07.xlsx,https://www.cdc.gov/nchs/data/nvsr/nvsr70/nvsr70-19.pdf,data-raw/downloads/national/2019_table07_both.xlsx,21061,ca4ad754d96ecf7ab37868d39bb1d2f549c2f62523ba298916bc264d7542903c
2019,8,American Indian or Alaska Native non-Hispanic,Male,final,https://ftp.cdc.gov/pub/Health_Statistics/NCHS/Publications/NVSR/70-19/Table08.xlsx,https://www.cdc.gov/nchs/data/nvsr/nvsr70/nvsr70-19.pdf,data-raw/downloads/national/2019_table08_male.xlsx,21094,ab3bf0ccc36e2f88a648c8376f2024e7410b9b9cdfb3932e5c64911e6526da1e
2019,9,American Indian or Alaska Native non-Hispanic,Female,final,https://ftp.cdc.gov/pub/Health_Statistics/NCHS/Publications/NVSR/70-19/Table09.xlsx,https://www.cdc.gov/nchs/data/nvsr/nvsr70/nvsr70-19.pdf,data-raw/downloads/national/2019_table09_female.xlsx,20994,88bb09ec8c1fea9150c743a2d31e966c897eab4b2554f97f8dce306079d95942
2019,10,Asian non-Hispanic,Both,final,https://ftp.cdc.gov/pub/Health_Statistics/NCHS/Publications/NVSR/70-19/Table10.xlsx,https://www.cdc.gov/nchs/data/nvsr/nvsr70/nvsr70-19.pdf,data-raw/downloads/national/2019_table10_both.xlsx,20942,7987e89fdeaf01dec85e1f3db761a7ed760a837fdaeff053787f50e7747471a8
2019,11,Asian non-Hispanic,Male,final,https://ftp.cdc.gov/pub/Health_Statistics/NCHS/Publications/NVSR/70-19/Table11.xlsx,https://www.cdc.gov/nchs/data/nvsr/nvsr70/nvsr70-19.pdf,data-raw/downloads/national/2019_table11_male.xlsx,20964,06ffaa58d35d3f064514fdb8a740bb1a8aaa447fe1745bd0389ddc04ade2c939
2019,12,Asian non-Hispanic,Female,final,https://ftp.cdc.gov/pub/Health_Statistics/NCHS/Publications/NVSR/70-19/Table12.xlsx,https://www.cdc.gov/nchs/data/nvsr/nvsr70/nvsr70-19.pdf,data-raw/downloads/national/2019_table12_female.xlsx,20996,620c04492ce58904b6e62255c2278dbec54eeceb85e8e5a0e72551d14da3d1ec
2019,13,Black non-Hispanic,Both,final,https://ftp.cdc.gov/pub/Health_Statistics/NCHS/Publications/NVSR/70-19/Table13.xlsx,https://www.cdc.gov/nchs/data/nvsr/nvsr70/nvsr70-19.pdf,data-raw/downloads/national/2019_table13_both.xlsx,20964,0fa90245045daa19d30c3e03238ba8c9f17e4464e6540a3cdcc80ca11f9ba3ae
2019,14,Black non-Hispanic,Male,final,https://ftp.cdc.gov/pub/Health_Statistics/NCHS/Publications/NVSR/70-19/Table14.xlsx,https://www.cdc.gov/nchs/data/nvsr/nvsr70/nvsr70-19.pdf,data-raw/downloads/national/2019_table14_male.xlsx,22314,69760e7b2650513d680088caf7eea44b4bc5e54d069ad6c958cd65d7ab3bf7ef
2019,15,Black non-Hispanic,Female,final,https://ftp.cdc.gov/pub/Health_Statistics/NCHS/Publications/NVSR/70-19/Table15.xlsx,https://www.cdc.gov/nchs/data/nvsr/nvsr70/nvsr70-19.pdf,data-raw/downloads/national/2019_table15_female.xlsx,20921,a27822034bd494b3d26ff273e1883cb25d2e80af79fe15fc8597d6e2ec3da6e2
2019,16,White non-Hispanic,Both,final,https://ftp.cdc.gov/pub/Health_Statistics/NCHS/Publications/NVSR/70-19/Table16.xlsx,https://www.cdc.gov/nchs/data/nvsr/nvsr70/nvsr70-19.pdf,data-raw/downloads/national/2019_table16_both.xlsx,20898,7e714f2e05a1cb99ac96a94c925641fe5288d7a2dc8e987d549de91bd35494c5
2019,17,White non-Hispanic,Male,final,https://ftp.cdc.gov/pub/Health_Statistics/NCHS/Publications/NVSR/70-19/Table17.xlsx,https://www.cdc.gov/nchs/data/nvsr/nvsr70/nvsr70-19.pdf,data-raw/downloads/national/2019_table17_male.xlsx,20892,f7ce47272fafc98818589864226da7560dd30f170d7a89823eb1f95712a8b254
2019,18,White non-Hispanic,Female,final,https://ftp.cdc.gov/pub/Health_Statistics/NCHS/Publications/NVSR/70-19/Table18.xlsx,https://www.cdc.gov/nchs/data/nvsr/nvsr70/nvsr70-19.pdf,data-raw/downloads/national/2019_table18_female.xlsx,22322,a1389f1851e7415a969a680e8eaac68d242118a9a2e1cfb4bbb2b49b0cd5d01c
2020,1,Total,Both,final,https://ftp.cdc.gov/pub/Health_Statistics/NCHS/Publications/NVSR/71-01/Table01.xlsx,https://www.cdc.gov/nchs/data/nvsr/nvsr71/nvsr71-01.pdf,data-raw/downloads/national/2020_table01_both.xlsx,20756,a03fc131f5518d00f655fded413b8a832dd9324e40b0cf9ed398a59742a2c405
2020,2,Total,Male,final,https://ftp.cdc.gov/pub/Health_Statistics/NCHS/Publications/NVSR/71-01/Table02.xlsx,https://www.cdc.gov/nchs/data/nvsr/nvsr71/nvsr71-01.pdf,data-raw/downloads/national/2020_table02_male.xlsx,20777,07e8f1646296dc17735d0fc578f1558a97bbe2c9e1f7d2b96481d30c57dd51c8
2020,3,Total,Female,final,https://ftp.cdc.gov/pub/Health_Statistics/NCHS/Publications/NVSR/71-01/Table03.xlsx,https://www.cdc.gov/nchs/data/nvsr/nvsr71/nvsr71-01.pdf,data-raw/downloads/national/2020_table03_female.xlsx,20755,87b1d8d8fb013b810e58fe6444682c1efd28d5c9468952ebc1e36efa6dfe81a8
2020,4,Hispanic,Both,final,https://ftp.cdc.gov/pub/Health_Statistics/NCHS/Publications/NVSR/71-01/Table04.xlsx,https://www.cdc.gov/nchs/data/nvsr/nvsr71/nvsr71-01.pdf,data-raw/downloads/national/2020_table04_both.xlsx,20862,9d3215d7f8b0261b5d06b6aa2f421f608620c80940f2bb1fb091b27ddc1e47e3
2020,5,Hispanic,Male,final,https://ftp.cdc.gov/pub/Health_Statistics/NCHS/Publications/NVSR/71-01/Table05.xlsx,https://www.cdc.gov/nchs/data/nvsr/nvsr71/nvsr71-01.pdf,data-raw/downloads/national/2020_table05_male.xlsx,20889,9950df90d649d8b875e9da9a83d70d0dfef8bf76989b5ce1e8c3013ad7a8591f
2020,6,Hispanic,Female,final,https://ftp.cdc.gov/pub/Health_Statistics/NCHS/Publications/NVSR/71-01/Table06.xlsx,https://www.cdc.gov/nchs/data/nvsr/nvsr71/nvsr71-01.pdf,data-raw/downloads/national/2020_table06_female.xlsx,22433,df95a301c694389b8ba3a853405d66b55ef132b0fc415967840dbd35ae508f0c
2020,7,American Indian or Alaska Native non-Hispanic,Both,final,https://ftp.cdc.gov/pub/Health_Statistics/NCHS/Publications/NVSR/71-01/Table07.xlsx,https://www.cdc.gov/nchs/data/nvsr/nvsr71/nvsr71-01.pdf,data-raw/downloads/national/2020_table07_both.xlsx,20843,a6fbd910fd93b328d922109515545c362ed2cdc525999e60c89376610dec6eff
2020,8,American Indian or Alaska Native non-Hispanic,Male,final,https://ftp.cdc.gov/pub/Health_Statistics/NCHS/Publications/NVSR/71-01/Table08.xlsx,https://www.cdc.gov/nchs/data/nvsr/nvsr71/nvsr71-01.pdf,data-raw/downloads/national/2020_table08_male.xlsx,20913,53a61887118ae313174952ffd28b8987ddba6325aae8ac8f3ca0ac9cdf16d181
2020,9,American Indian or Alaska Native non-Hispanic,Female,final,https://ftp.cdc.gov/pub/Health_Statistics/NCHS/Publications/NVSR/71-01/Table09.xlsx,https://www.cdc.gov/nchs/data/nvsr/nvsr71/nvsr71-01.pdf,data-raw/downloads/national/2020_table09_female.xlsx,20897,b866dd5bf00c7dfe5c70a3ed23f9149580c5b722d0c9ce89d29090591a9f36ba
2020,10,Asian non-Hispanic,Both,final,https://ftp.cdc.gov/pub/Health_Statistics/NCHS/Publications/NVSR/71-01/Table10.xlsx,https://www.cdc.gov/nchs/data/nvsr/nvsr71/nvsr71-01.pdf,data-raw/downloads/national/2020_table10_both.xlsx,20847,4840e7211d837e68d2836910338426ba3be79327d79ec3cd2af68d31d583326d
2020,11,Asian non-Hispanic,Male,final,https://ftp.cdc.gov/pub/Health_Statistics/NCHS/Publications/NVSR/71-01/Table11.xlsx,https://www.cdc.gov/nchs/data/nvsr/nvsr71/nvsr71-01.pdf,data-raw/downloads/national/2020_table11_male.xlsx,20904,c8c16b5bd0cce107686f4b50609fff257607bbf1f539f68797b383cad7b3ff64
2020,12,Asian non-Hispanic,Female,final,https://ftp.cdc.gov/pub/Health_Statistics/NCHS/Publications/NVSR/71-01/Table12.xlsx,https://www.cdc.gov/nchs/data/nvsr/nvsr71/nvsr71-01.pdf,data-raw/downloads/national/2020_table12_female.xlsx,20864,453622026809b387620f635e0d86cc02f0614d5d70c5b137947bac3a85264407
2020,13,Black non-Hispanic,Both,final,https://ftp.cdc.gov/pub/Health_Statistics/NCHS/Publications/NVSR/71-01/Table13.xlsx,https://www.cdc.gov/nchs/data/nvsr/nvsr71/nvsr71-01.pdf,data-raw/downloads/national/2020_table13_both.xlsx,20875,b826a17b4bf5f46f15ecc68182ad08498d0a1bf6b02f979f3eb8c097fc83ef8f
2020,14,Black non-Hispanic,Male,final,https://ftp.cdc.gov/pub/Health_Statistics/NCHS/Publications/NVSR/71-01/Table14.xlsx,https://www.cdc.gov/nchs/data/nvsr/nvsr71/nvsr71-01.pdf,data-raw/downloads/national/2020_table14_male.xlsx,22220,8f934f94842a6960e02f0c55c54da3a0ebeb3abecfd0a1c32fa638ace91c3db2
2020,15,Black non-Hispanic,Female,final,https://ftp.cdc.gov/pub/Health_Statistics/NCHS/Publications/NVSR/71-01/Table15.xlsx,https://www.cdc.gov/nchs/data/nvsr/nvsr71/nvsr71-01.pdf,data-raw/downloads/national/2020_table15_female.xlsx,20874,d1774395a67f2c7e2e50a5d8b710aee5f19de0b497004d38d73402b1d1ffefc4
2020,16,White non-Hispanic,Both,final,https://ftp.cdc.gov/pub/Health_Statistics/NCHS/Publications/NVSR/71-01/Table16.xlsx,https://www.cdc.gov/nchs/data/nvsr/nvsr71/nvsr71-01.pdf,data-raw/downloads/national/2020_table16_both.xlsx,20870,7bd5de885c5887615e276ca184518184ddd3f0eb48db106a9b6a202af3f5e8c1
2020,17,White non-Hispanic,Male,final,https://ftp.cdc.gov/pub/Health_Statistics/NCHS/Publications/NVSR/71-01/Table17.xlsx,https://www.cdc.gov/nchs/data/nvsr/nvsr71/nvsr71-01.pdf,data-raw/downloads/national/2020_table17_male.xlsx,20852,c4d61768ce7bbb30a2073a841dfd08de578c5ed16abe63e36ae8565a26ea19f0
2020,18,White non-Hispanic,Female,final,https://ftp.cdc.gov/pub/Health_Statistics/NCHS/Publications/NVSR/71-01/Table18.xlsx,https://www.cdc.gov/nchs/data/nvsr/nvsr71/nvsr71-01.pdf,data-raw/downloads/national/2020_table18_female.xlsx,22265,87cab2f0f859df8f873e6ab35437f738cea7c393ac49dd5ec6145ac32b027198
2021,1,Total,Both,final,https://ftp.cdc.gov/pub/Health_Statistics/NCHS/Publications/NVSR/72-12/Table01.xlsx,https://www.cdc.gov/nchs/data/nvsr/nvsr72/nvsr72-12.pdf,data-raw/downloads/national/2021_table01_both.xlsx,20764,7ae5169a8f754c3803188f1e845872dad123caf6ddd4ea624f794196a4edc186
2021,2,Total,Male,final,https://ftp.cdc.gov/pub/Health_Statistics/NCHS/Publications/NVSR/72-12/Table02.xlsx,https://www.cdc.gov/nchs/data/nvsr/nvsr72/nvsr72-12.pdf,data-raw/downloads/national/2021_table02_male.xlsx,20792,7da17d79c395e230a7c72bb43f844635671af4a0db726629d19a8eede59ca13e
2021,3,Total,Female,final,https://ftp.cdc.gov/pub/Health_Statistics/NCHS/Publications/NVSR/72-12/Table03.xlsx,https://www.cdc.gov/nchs/data/nvsr/nvsr72/nvsr72-12.pdf,data-raw/downloads/national/2021_table03_female.xlsx,20833,e681e11c6927f11b864b3330fef4ddcdc784bcdab15bb0f9c7169c2465e87fda
2021,4,Hispanic,Both,final,https://ftp.cdc.gov/pub/Health_Statistics/NCHS/Publications/NVSR/72-12/Table04.xlsx,https://www.cdc.gov/nchs/data/nvsr/nvsr72/nvsr72-12.pdf,data-raw/downloads/national/2021_table04_both.xlsx,20912,038ada2e465dba7b675081c5811bed88d69d50d6ffa24f2c080406789923c6dc
2021,5,Hispanic,Male,final,https://ftp.cdc.gov/pub/Health_Statistics/NCHS/Publications/NVSR/72-12/Table05.xlsx,https://www.cdc.gov/nchs/data/nvsr/nvsr72/nvsr72-12.pdf,data-raw/downloads/national/2021_table05_male.xlsx,20950,576fb1a362306da6ec1ab00f895e3fb5b889c6f45ab102b2cb9ccb53d0a07418
2021,6,Hispanic,Female,final,https://ftp.cdc.gov/pub/Health_Statistics/NCHS/Publications/NVSR/72-12/Table06.xlsx,https://www.cdc.gov/nchs/data/nvsr/nvsr72/nvsr72-12.pdf,data-raw/downloads/national/2021_table06_female.xlsx,20976,fdbc9d27ed4ddbdce278050a9d7f873373f6b46b4a0bad3c44a524aa0d265c00
2021,7,American Indian or Alaska Native non-Hispanic,Both,final,https://ftp.cdc.gov/pub/Health_Statistics/NCHS/Publications/NVSR/72-12/Table07.xlsx,https://www.cdc.gov/nchs/data/nvsr/nvsr72/nvsr72-12.pdf,data-raw/downloads/national/2021_table07_both.xlsx,20985,78290351c1528636c72cdf2bec18835e99cd8788bfac396f0206448a807c6489
2021,8,American Indian or Alaska Native non-Hispanic,Male,final,https://ftp.cdc.gov/pub/Health_Statistics/NCHS/Publications/NVSR/72-12/Table08.xlsx,https://www.cdc.gov/nchs/data/nvsr/nvsr72/nvsr72-12.pdf,data-raw/downloads/national/2021_table08_male.xlsx,20918,8614de049c90f83f0a964f4b0a09d62f0b29b6f23f82d50935a9104ce549ad05
2021,9,American Indian or Alaska Native non-Hispanic,Female,final,https://ftp.cdc.gov/pub/Health_Statistics/NCHS/Publications/NVSR/72-12/Table09.xlsx,https://www.cdc.gov/nchs/data/nvsr/nvsr72/nvsr72-12.pdf,data-raw/downloads/national/2021_table09_female.xlsx,20937,c06f0eeff7c4cc79ef16261b8d4da2e58abcc7d072f47af76e979916e0ec81ca
2021,10,Asian non-Hispanic,Both,final,https://ftp.cdc.gov/pub/Health_Statistics/NCHS/Publications/NVSR/72-12/Table10.xlsx,https://www.cdc.gov/nchs/data/nvsr/nvsr72/nvsr72-12.pdf,data-raw/downloads/national/2021_table10_both.xlsx,20885,e45fb7dc6f5f2eace8aecd02ab527d583d30459980caddd499bcc5f69f44a8bd
2021,11,Asian non-Hispanic,Male,final,https://ftp.cdc.gov/pub/Health_Statistics/NCHS/Publications/NVSR/72-12/Table11.xlsx,https://www.cdc.gov/nchs/data/nvsr/nvsr72/nvsr72-12.pdf,data-raw/downloads/national/2021_table11_male.xlsx,20994,bc49f09dd67048a5842bcc525f100a0d9cc4525fbab133c2c509da454c71dace
2021,12,Asian non-Hispanic,Female,final,https://ftp.cdc.gov/pub/Health_Statistics/NCHS/Publications/NVSR/72-12/Table12.xlsx,https://www.cdc.gov/nchs/data/nvsr/nvsr72/nvsr72-12.pdf,data-raw/downloads/national/2021_table12_female.xlsx,20990,76a8b7fada09dfbed51d67bb96ac6571dff62800a0a8cec200c6b96b2df94cf1
2021,13,Black non-Hispanic,Both,final,https://ftp.cdc.gov/pub/Health_Statistics/NCHS/Publications/NVSR/72-12/Table13.xlsx,https://www.cdc.gov/nchs/data/nvsr/nvsr72/nvsr72-12.pdf,data-raw/downloads/national/2021_table13_both.xlsx,20946,e3b30a0eeda1fd7f3bb2bc598a07b22b22d5d3e35f2d453bbe82cb0317361bae
2021,14,Black non-Hispanic,Male,final,https://ftp.cdc.gov/pub/Health_Statistics/NCHS/Publications/NVSR/72-12/Table14.xlsx,https://www.cdc.gov/nchs/data/nvsr/nvsr72/nvsr72-12.pdf,data-raw/downloads/national/2021_table14_male.xlsx,20833,e099c970bd44d0b17b43898345a5a3072d9202e497340141d7dffd6770c85aa3
2021,15,Black non-Hispanic,Female,final,https://ftp.cdc.gov/pub/Health_Statistics/NCHS/Publications/NVSR/72-12/Table15.xlsx,https://www.cdc.gov/nchs/data/nvsr/nvsr72/nvsr72-12.pdf,data-raw/downloads/national/2021_table15_female.xlsx,20924,1898cfb7e0a5fc3598196124334fa59f8d29ca78bc6c09af01bff2e53a5fe690
2021,16,White non-Hispanic,Both,final,https://ftp.cdc.gov/pub/Health_Statistics/NCHS/Publications/NVSR/72-12/Table16.xlsx,https://www.cdc.gov/nchs/data/nvsr/nvsr72/nvsr72-12.pdf,data-raw/downloads/national/2021_table16_both.xlsx,20944,aafd84f6f41ea0c1c18202421a0e747d451281ebe11f24dcf2ffbbe90fb5c8e4
2021,17,White non-Hispanic,Male,final,https://ftp.cdc.gov/pub/Health_Statistics/NCHS/Publications/NVSR/72-12/Table17.xlsx,https://www.cdc.gov/nchs/data/nvsr/nvsr72/nvsr72-12.pdf,data-raw/downloads/national/2021_table17_male.xlsx,20963,29f021608def893ece0164fb43eb23a8852dd16dea0cb818d1e0e6959a8c9c3d
2021,18,White non-Hispanic,Female,final,https://ftp.cdc.gov/pub/Health_Statistics/NCHS/Publications/NVSR/72-12/Table18.xlsx,https://www.cdc.gov/nchs/data/nvsr/nvsr72/nvsr72-12.pdf,data-raw/downloads/national/2021_table18_female.xlsx,20906,93457b68ea38fb3ffe9d3218c14bfd440ddf08f8ac40014f2389a19e15cfbc99
2022,1,Total,Both,final,https://ftp.cdc.gov/pub/Health_Statistics/NCHS/Publications/NVSR/74-02/Table01.xlsx,https://www.cdc.gov/nchs/data/nvsr/nvsr74/nvsr74-02.pdf,data-raw/downloads/national/2022_table01_both.xlsx,20569,04e961f8668f1e863ca5bcd53586eec4b65735c89eb1a4301361f71d35a9d0fd
2022,2,Total,Male,final,https://ftp.cdc.gov/pub/Health_Statistics/NCHS/Publications/NVSR/74-02/Table02.xlsx,https://www.cdc.gov/nchs/data/nvsr/nvsr74/nvsr74-02.pdf,data-raw/downloads/national/2022_table02_male.xlsx,20561,3b4be1cd02973474d59a30a3cceb0fe8bae88add78ff478b79ca7c9105b2e227
2022,3,Total,Female,final,https://ftp.cdc.gov/pub/Health_Statistics/NCHS/Publications/NVSR/74-02/Table03.xlsx,https://www.cdc.gov/nchs/data/nvsr/nvsr74/nvsr74-02.pdf,data-raw/downloads/national/2022_table03_female.xlsx,20523,d00c7ddf1b945918c67126f03f77a89e8ea9168500195e94679b4ab43ed412ed
2022,4,Hispanic,Both,final,https://ftp.cdc.gov/pub/Health_Statistics/NCHS/Publications/NVSR/74-02/Table04.xlsx,https://www.cdc.gov/nchs/data/nvsr/nvsr74/nvsr74-02.pdf,data-raw/downloads/national/2022_table04_both.xlsx,20982,c1e735e40ae75dae66b58f97cf469019cad9f6685b1797f3d40f42fdb6d39f27
2022,5,Hispanic,Male,final,https://ftp.cdc.gov/pub/Health_Statistics/NCHS/Publications/NVSR/74-02/Table05.xlsx,https://www.cdc.gov/nchs/data/nvsr/nvsr74/nvsr74-02.pdf,data-raw/downloads/national/2022_table05_male.xlsx,20992,d7f76b2773b3a98c67c8c758a53a29d8342e8eb407666c3816923ac5e0e54a52
2022,6,Hispanic,Female,final,https://ftp.cdc.gov/pub/Health_Statistics/NCHS/Publications/NVSR/74-02/Table06.xlsx,https://www.cdc.gov/nchs/data/nvsr/nvsr74/nvsr74-02.pdf,data-raw/downloads/national/2022_table06_female.xlsx,21133,ccf229ab8c489399b5dbece2c7bfd0f32af42263ab64e1a482c5afe32e680c44
2022,7,American Indian or Alaska Native non-Hispanic,Both,final,https://ftp.cdc.gov/pub/Health_Statistics/NCHS/Publications/NVSR/74-02/Table07.xlsx,https://www.cdc.gov/nchs/data/nvsr/nvsr74/nvsr74-02.pdf,data-raw/downloads/national/2022_table07_both.xlsx,20971,d7ec04eefa52b792df75aca94ee7d00d7c05086533e00d1987ef741e8a93a831
2022,8,American Indian or Alaska Native non-Hispanic,Male,final,https://ftp.cdc.gov/pub/Health_Statistics/NCHS/Publications/NVSR/74-02/Table08.xlsx,https://www.cdc.gov/nchs/data/nvsr/nvsr74/nvsr74-02.pdf,data-raw/downloads/national/2022_table08_male.xlsx,20896,d7d966dd0dc9cb1774bd4a38f8bdbf2ea85bd68ba48ee1c78506a3636a63aaa1
2022,9,American Indian or Alaska Native non-Hispanic,Female,final,https://ftp.cdc.gov/pub/Health_Statistics/NCHS/Publications/NVSR/74-02/Table09.xlsx,https://www.cdc.gov/nchs/data/nvsr/nvsr74/nvsr74-02.pdf,data-raw/downloads/national/2022_table09_female.xlsx,20962,e5bf36807d9168f680f32d0661fcb4f6c63a64b4ab64676cb36cf20c8d4ad600
2022,10,Asian non-Hispanic,Both,final,https://ftp.cdc.gov/pub/Health_Statistics/NCHS/Publications/NVSR/74-02/Table10.xlsx,https://www.cdc.gov/nchs/data/nvsr/nvsr74/nvsr74-02.pdf,data-raw/downloads/national/2022_table10_both.xlsx,21036,57594341b4c4425ec4afa3937bee6e67e277e70c65a00b1a342ecb7488091d46
2022,11,Asian non-Hispanic,Male,final,https://ftp.cdc.gov/pub/Health_Statistics/NCHS/Publications/NVSR/74-02/Table11.xlsx,https://www.cdc.gov/nchs/data/nvsr/nvsr74/nvsr74-02.pdf,data-raw/downloads/national/2022_table11_male.xlsx,20915,611814b0ad849cea342192594cd8d1be5ae27ddaa692d5dfbeacffd90b3afd96
2022,12,Asian non-Hispanic,Female,final,https://ftp.cdc.gov/pub/Health_Statistics/NCHS/Publications/NVSR/74-02/Table12.xlsx,https://www.cdc.gov/nchs/data/nvsr/nvsr74/nvsr74-02.pdf,data-raw/downloads/national/2022_table12_female.xlsx,20922,79d00d44f7fa70ae347158152128eac8197e3460d836fd88311127fcaea22644
2022,13,Black non-Hispanic,Both,final,https://ftp.cdc.gov/pub/Health_Statistics/NCHS/Publications/NVSR/74-02/Table13.xlsx,https://www.cdc.gov/nchs/data/nvsr/nvsr74/nvsr74-02.pdf,data-raw/downloads/national/2022_table13_both.xlsx,21030,3d5ca5f642995e2ef39c3caa627ad26c170c90fe7f1342bfd03b89dec300c44b
2022,14,Black non-Hispanic,Male,final,https://ftp.cdc.gov/pub/Health_Statistics/NCHS/Publications/NVSR/74-02/Table14.xlsx,https://www.cdc.gov/nchs/data/nvsr/nvsr74/nvsr74-02.pdf,data-raw/downloads/national/2022_table14_male.xlsx,20929,92a4c270a6cba4055204ca9dc887aaee0ce61aa89638b8077cba580fcb3927bc
2022,15,Black non-Hispanic,Female,final,https://ftp.cdc.gov/pub/Health_Statistics/NCHS/Publications/NVSR/74-02/Table15.xlsx,https://www.cdc.gov/nchs/data/nvsr/nvsr74/nvsr74-02.pdf,data-raw/downloads/national/2022_table15_female.xlsx,21020,d4229a9f1c0c3cc2cb00ed648e704b48171e94d6a1843f571d3e053b4dc163f5
2022,16,White non-Hispanic,Both,final,https://ftp.cdc.gov/pub/Health_Statistics/NCHS/Publications/NVSR/74-02/Table16.xlsx,https://www.cdc.gov/nchs/data/nvsr/nvsr74/nvsr74-02.pdf,data-raw/downloads/national/2022_table16_both.xlsx,21006,0e5d25b3e25d865b2999ef461964d9be40b9e1bd3fbb158a87f9f5c691873d76
2022,17,White non-Hispanic,Male,final,https://ftp.cdc.gov/pub/Health_Statistics/NCHS/Publications/NVSR/74-02/Table17.xlsx,https://www.cdc.gov/nchs/data/nvsr/nvsr74/nvsr74-02.pdf,data-raw/downloads/national/2022_table17_male.xlsx,20982,f91e73b8138196d99f9abb8c2fcc12f22603aed8502969e33b800ab4565ea76b
2022,18,White non-Hispanic,Female,final,https://ftp.cdc.gov/pub/Health_Statistics/NCHS/Publications/NVSR/74-02/Table18.xlsx,https://www.cdc.gov/nchs/data/nvsr/nvsr74/nvsr74-02.pdf,data-raw/downloads/national/2022_table18_female.xlsx,21013,c1f51c6390948d62ba9ed1fd4de3854333b7fc73a482418316a389f51349a1cd
2023,1,Total,Both,final,https://ftp.cdc.gov/pub/Health_Statistics/NCHS/Publications/NVSR/74-06/Table01.xlsx,https://www.cdc.gov/nchs/data/nvsr/nvsr74/nvsr74-06.pdf,data-raw/downloads/national/2023_table01_both.xlsx,20577,9626e4b04280b843f20ead87ae8c4d99a385fe368e836ea1ef54d897c1f7a4cf
2023,2,Total,Male,final,https://ftp.cdc.gov/pub/Health_Statistics/NCHS/Publications/NVSR/74-06/Table02.xlsx,https://www.cdc.gov/nchs/data/nvsr/nvsr74/nvsr74-06.pdf,data-raw/downloads/national/2023_table02_male.xlsx,20557,80dda2d2a8109e7c1221c6dd5f6adcda75b819f383088e6aca05eec5a9e31015
2023,3,Total,Female,final,https://ftp.cdc.gov/pub/Health_Statistics/NCHS/Publications/NVSR/74-06/Table03.xlsx,https://www.cdc.gov/nchs/data/nvsr/nvsr74/nvsr74-06.pdf,data-raw/downloads/national/2023_table03_female.xlsx,20588,15b2dfe31dbefdeba17ca2d26d8684c821d18ca4a74252b57623299ecc15e8d6
2023,4,Hispanic,Both,final,https://ftp.cdc.gov/pub/Health_Statistics/NCHS/Publications/NVSR/74-06/Table04.xlsx,https://www.cdc.gov/nchs/data/nvsr/nvsr74/nvsr74-06.pdf,data-raw/downloads/national/2023_table04_both.xlsx,20723,125ddb20dde07a16bfc78d9746e226a362deeb975ec4ab0f2d3d237ca8e05568
2023,5,Hispanic,Male,final,https://ftp.cdc.gov/pub/Health_Statistics/NCHS/Publications/NVSR/74-06/Table05.xlsx,https://www.cdc.gov/nchs/data/nvsr/nvsr74/nvsr74-06.pdf,data-raw/downloads/national/2023_table05_male.xlsx,20749,4554d0a97547a25e7927f6488ca3587273b6edd24a4b03352055b84809d33d19
2023,6,Hispanic,Female,final,https://ftp.cdc.gov/pub/Health_Statistics/NCHS/Publications/NVSR/74-06/Table06.xlsx,https://www.cdc.gov/nchs/data/nvsr/nvsr74/nvsr74-06.pdf,data-raw/downloads/national/2023_table06_female.xlsx,20756,e9fd89e27fe9b39dd3e396e78558b5de8debcb9ed5033cc5de44aa7e2910178c
2023,7,American Indian or Alaska Native non-Hispanic,Both,final,https://ftp.cdc.gov/pub/Health_Statistics/NCHS/Publications/NVSR/74-06/Table07.xlsx,https://www.cdc.gov/nchs/data/nvsr/nvsr74/nvsr74-06.pdf,data-raw/downloads/national/2023_table07_both.xlsx,20682,2d23cba22c5d3355febecba80895d6be0897dcdff80b3bfe7ff63911971fbf0f
2023,8,American Indian or Alaska Native non-Hispanic,Male,final,https://ftp.cdc.gov/pub/Health_Statistics/NCHS/Publications/NVSR/74-06/Table08.xlsx,https://www.cdc.gov/nchs/data/nvsr/nvsr74/nvsr74-06.pdf,data-raw/downloads/national/2023_table08_male.xlsx,20628,1935949711f87a17fef09a04f99b0f3a75be466cb13088b95be212584ba6d48c
2023,9,American Indian or Alaska Native non-Hispanic,Female,final,https://ftp.cdc.gov/pub/Health_Statistics/NCHS/Publications/NVSR/74-06/Table09.xlsx,https://www.cdc.gov/nchs/data/nvsr/nvsr74/nvsr74-06.pdf,data-raw/downloads/national/2023_table09_female.xlsx,20686,93f43e57b938eb444ff7a1abb3227504938a6a6aa5e0f68a960c9a7d7239941d
2023,10,Asian non-Hispanic,Both,final,https://ftp.cdc.gov/pub/Health_Statistics/NCHS/Publications/NVSR/74-06/Table10.xlsx,https://www.cdc.gov/nchs/data/nvsr/nvsr74/nvsr74-06.pdf,data-raw/downloads/national/2023_table10_both.xlsx,20692,5936054eb2eabd9d4b05b0dcafee2f820f7af3a00b0b1240bf3d5023e2894938
2023,11,Asian non-Hispanic,Male,final,https://ftp.cdc.gov/pub/Health_Statistics/NCHS/Publications/NVSR/74-06/Table11.xlsx,https://www.cdc.gov/nchs/data/nvsr/nvsr74/nvsr74-06.pdf,data-raw/downloads/national/2023_table11_male.xlsx,20613,720d4f1e9fb0689f37ecc94983ac36d72c97f46b473d34c254be9f67b9ba50b9
2023,12,Asian non-Hispanic,Female,final,https://ftp.cdc.gov/pub/Health_Statistics/NCHS/Publications/NVSR/74-06/Table12.xlsx,https://www.cdc.gov/nchs/data/nvsr/nvsr74/nvsr74-06.pdf,data-raw/downloads/national/2023_table12_female.xlsx,20673,a1d76fbef6e2f0deee8316e0df01a1238d314b0d73d68aadf51a8b0252d3e08a
2023,13,Black non-Hispanic,Both,final,https://ftp.cdc.gov/pub/Health_Statistics/NCHS/Publications/NVSR/74-06/Table13.xlsx,https://www.cdc.gov/nchs/data/nvsr/nvsr74/nvsr74-06.pdf,data-raw/downloads/national/2023_table13_both.xlsx,20705,92825c905792e65ebc64e29e2184f7a9e0a419da8586abcd76cf30d753e61400
2023,14,Black non-Hispanic,Male,final,https://ftp.cdc.gov/pub/Health_Statistics/NCHS/Publications/NVSR/74-06/Table14.xlsx,https://www.cdc.gov/nchs/data/nvsr/nvsr74/nvsr74-06.pdf,data-raw/downloads/national/2023_table14_male.xlsx,20628,b44d90807a6ca2cd0a1fd33e21bbf10b110ccb034555be7ccda9d98ef7bd2865
2023,15,Black non-Hispanic,Female,final,https://ftp.cdc.gov/pub/Health_Statistics/NCHS/Publications/NVSR/74-06/Table15.xlsx,https://www.cdc.gov/nchs/data/nvsr/nvsr74/nvsr74-06.pdf,data-raw/downloads/national/2023_table15_female.xlsx,20631,d1822756dd0c8416b99bb27d432706a4f81f0bb46c1194aa77fb48fd5244aa1a
2023,16,White non-Hispanic,Both,final,https://ftp.cdc.gov/pub/Health_Statistics/NCHS/Publications/NVSR/74-06/Table16.xlsx,https://www.cdc.gov/nchs/data/nvsr/nvsr74/nvsr74-06.pdf,data-raw/downloads/national/2023_table16_both.xlsx,20648,0ff1472851d030df2cd4595498fc56f9b98474078d0d0a6879dfcb9a1a275b6a
2023,17,White non-Hispanic,Male,final,https://ftp.cdc.gov/pub/Health_Statistics/NCHS/Publications/NVSR/74-06/Table17.xlsx,https://www.cdc.gov/nchs/data/nvsr/nvsr74/nvsr74-06.pdf,data-raw/downloads/national/2023_table17_male.xlsx,20680,63110b670baa13bf12b755f495ea6103a4309d296924fe38d6f7debf27ee3de7
2023,18,White non-Hispanic,Female,final,https://ftp.cdc.gov/pub/Health_Statistics/NCHS/Publications/NVSR/74-06/Table18.xlsx,https://www.cdc.gov/nchs/data/nvsr/nvsr74/nvsr74-06.pdf,data-raw/downloads/national/2023_table18_female.xlsx,20711,bcc31833b6bb15465edce18eedcc09a7be385f0528f602807d760efb5594d488
