year,state,table,sex,url,report_pdf,local_file,bytes,sha256
2019,AK,1,Both,https://ftp.cdc.gov/pub/Health_Statistics/NCHS/Publications/NVSR/70-18/AK1.xlsx,https://www.cdc.gov/nchs/data/nvsr/nvsr70/nvsr70-18.pdf,data-raw/downloads/state/2019_AK_table1.xlsx,20660,58ea7d7c1b26def6bb91d22acfa782dc48f0c638b1d5cf2df71028141b040473
2019,AL,1,Both,https://ftp.cdc.gov/pub/Health_Statistics/NCHS/Publications/NVSR/70-18/AL1.xlsx,https://www.cdc.gov/nchs/data/nvsr/nvsr70/nvsr70-18.pdf,data-raw/downloads/state/2019_AL_table1.xlsx,20743,259786f2ab663e22a8fec68df58c5d96ad8cf7640d12397485f82223b94516c0
2019,AR,1,Both,https://ftp.cdc.gov/pub/Health_Statistics/NCHS/Publications/NVSR/70-18/AR1.xlsx,https://www.cdc.gov/nchs/data/nvsr/nvsr70/nvsr70-18.pdf,data-raw/downloads/state/2019_AR_table1.xlsx,20704,bf20a6441877abcfa94b84e5e0af9b63fbe9db13caa54a159cfc66785e7f3441
2019,AZ,1,Both,https://ftp.cdc.gov/pub/Health_Statistics/NCHS/Publications/NVSR/70-18/AZ1.xlsx,https://www.cdc.gov/nchs/data/nvsr/nvsr70/nvsr70-18.pdf,data-raw/downloads/state/2019_AZ_table1.xlsx,20662,af853f13fdaa60c4ab0255de33389c7a489782932577820bb7d81b7580f19647
2019,CA,1,Both,https://ftp.cdc.gov/pub/Health_Statistics/NCHS/Publications/NVSR/70-18/CA1.xlsx,https://www.cdc.gov/nchs/data/nvsr/nvsr70/nvsr70-18.pdf,data-raw/downloads/state/2019_CA_table1.xlsx,20739,7988935a01a4793c1b0b14d8f295cbe4dc9a3891d630ce78ee149cd6802d97fe
2019,CO,1,Both,https://ftp.cdc.gov/pub/Health_Statistics/NCHS/Publications/NVSR/70-18/CO1.xlsx,https://www.cdc.gov/nchs/data/nvsr/nvsr70/nvsr70-18.pdf,data-raw/downloads/state/2019_CO_table1.xlsx,20700,fed0e7c90372596501366999ecf07fd616d91c996c0d3c28dc707887480cf4f2
2019,CT,1,Both,https://ftp.cdc.gov/pub/Health_Statistics/NCHS/Publications/NVSR/70-18/CT1.xlsx,https://www.cdc.gov/nchs/data/nvsr/nvsr70/nvsr70-18.pdf,data-raw/downloads/state/2019_CT_table1.xlsx,20750,c401d603cd6400113b27a13bdf5dd6bf5a7dd7699a65cd78d70717009520081d
2019,DC,1,Both,https://ftp.cdc.gov/pub/Health_Statistics/NCHS/Publications/NVSR/70-18/DC1.xlsx,https://www.cdc.gov/nchs/data/nvsr/nvsr70/nvsr70-18.pdf,data-raw/downloads/state/2019_DC_table1.xlsx,20694,168f24403c6943d1de547545855c5a778578e1570c79c5d56057dba5508ff28c
2019,DE,1,Both,https://ftp.cdc.gov/pub/Health_Statistics/NCHS/Publications/NVSR/70-18/DE1.xlsx,https://www.cdc.gov/nchs/data/nvsr/nvsr70/nvsr70-18.pdf,data-raw/downloads/state/2019_DE_table1.xlsx,20738,b7798ee68ecb8fedb19042651e3251f28c837d0aa08f81f61046b167f4e62166
2019,FL,1,Both,https://ftp.cdc.gov/pub/Health_Statistics/NCHS/Publications/NVSR/70-18/FL1.xlsx,https://www.cdc.gov/nchs/data/nvsr/nvsr70/nvsr70-18.pdf,data-raw/downloads/state/2019_FL_table1.xlsx,20691,df43586e2ea5c3ae4b68a86a786c2739c2b7cc251e9cd775e1e40d4bcec7f3d4
2019,GA,1,Both,https://ftp.cdc.gov/pub/Health_Statistics/NCHS/Publications/NVSR/70-18/GA1.xlsx,https://www.cdc.gov/nchs/data/nvsr/nvsr70/nvsr70-18.pdf,data-raw/downloads/state/2019_GA_table1.xlsx,20761,970d7eded1bd9d20e26e4c01767c87049804e627f7cfc4ebfb3b882183ac5ca4
2019,HI,1,Both,https://ftp.cdc.gov/pub/Health_Statistics/NCHS/Publications/NVSR/70-18/HI1.xlsx,https://www.cdc.gov/nchs/data/nvsr/nvsr70/nvsr70-18.pdf,data-raw/downloads/state/2019_HI_table1.xlsx,20763,31d0dee38c68a6a1d4325d4e2759984526437d068d214f5e041ae628719ee4f2
2019,IA,1,Both,https://ftp.cdc.gov/pub/Health_Statistics/NCHS/Publications/NVSR/70-18/IA1.xlsx,https://www.cdc.gov/nchs/data/nvsr/nvsr70/nvsr70-18.pdf,data-raw/downloads/state/2019_IA_table1.xlsx,20701,566b5ae74eba4cbdab4785d866fd9c84901f6522a3007c1497244b8303c67e81
2019,ID,1,Both,https://ftp.cdc.gov/pub/Health_Statistics/NCHS/Publications/NVSR/70-18/ID1.xlsx,https://www.cdc.gov/nchs/data/nvsr/nvsr70/nvsr70-18.pdf,data-raw/downloads/state/2019_ID_table1.xlsx,20731,0b2308774691ef81e7ea6f1933be2a89e8263257ac35d3f27903be4fb7cc14dc
2019,IL,1,Both,https://ftp.cdc.gov/pub/Health_Statistics/NCHS/Publications/NVSR/70-18/IL1.xlsx,https://www.cdc.gov/nchs/data/nvsr/nvsr70/nvsr70-18.pdf,data-raw/downloads/state/2019_IL_table1.xlsx,20687,b73733e0a3479307d607cd08e321a2b19fb4edd94f85c5e2aa6c4977ca1a1c91
2019,IN,1,Both,https://ftp.cdc.gov/pub/Health_Statistics/NCHS/Publications/NVSR/70-18/IN1.xlsx,https://www.cdc.gov/nchs/data/nvsr/nvsr70/nvsr70-18.pdf,data-raw/downloads/state/2019_IN_table1.xlsx,20732,cc03614f224cbf8dc5a53a6a1800fb954e83750ab004aff6f2bf92460cb7a091
2019,KS,1,Both,https://ftp.cdc.gov/pub/Health_Statistics/NCHS/Publications/NVSR/70-18/KS1.xlsx,https://www.cdc.gov/nchs/data/nvsr/nvsr70/nvsr70-18.pdf,data-raw/downloads/state/2019_KS_table1.xlsx,20672,721e9737b0ab08cd1cde1f99bb265e79c00352c648207aa47dd280b77b978e5d
2019,KY,1,Both,https://ftp.cdc.gov/pub/Health_Statistics/NCHS/Publications/NVSR/70-18/KY1.xlsx,https://www.cdc.gov/nchs/data/nvsr/nvsr70/nvsr70-18.pdf,data-raw/downloads/state/2019_KY_table1.xlsx,20738,4995abc898abbb303d8e0d970c5ac6f225b136bc5f34896dd68ce0bb15ce4e4e
2019,LA,1,Both,https://ftp.cdc.gov/pub/Health_Statistics/NCHS/Publications/NVSR/70-18/LA1.xlsx,https://www.cdc.gov/nchs/data/nvsr/nvsr70/nvsr70-18.pdf,data-raw/downloads/state/2019_LA_table1.xlsx,20728,d41474310961a9c6199906c27b610a152899404d88b72d5b99ff4a8e97ce6c6e
2019,MA,1,Both,https://ftp.cdc.gov/pub/Health_Statistics/NCHS/Publications/NVSR/70-18/MA1.xlsx,https://www.cdc.gov/nchs/data/nvsr/nvsr70/nvsr70-18.pdf,data-raw/downloads/state/2019_MA_table1.xlsx,20781,1e2a36c27e6c74ec3365e03471b0a072bbd4acd72e323296c8bb88dc825a30ac
2019,MD,1,Both,https://ftp.cdc.gov/pub/Health_Statistics/NCHS/Publications/NVSR/70-18/MD1.xlsx,https://www.cdc.gov/nchs/data/nvsr/nvsr70/nvsr70-18.pdf,data-raw/downloads/state/2019_MD_table1.xlsx,20731,dd4fc6af3aab45e9ed9ba8217ce0969080e05c2384b74b899703794118e1ee8f
2019,ME,1,Both,https://ftp.cdc.gov/pub/Health_Statistics/NCHS/Publications/NVSR/70-18/ME1.xlsx,https://www.cdc.gov/nchs/data/nvsr/nvsr70/nvsr70-18.pdf,data-raw/downloads/state/2019_ME_table1.xlsx,20744,9f51fca0ed942abbd5033c2c4cbaf5b7bed72cf39b4b297202ff176743e0214e
2019,MI,1,Both,https://ftp.cdc.gov/pub/Health_Statistics/NCHS/Publications/NVSR/70-18/MI1.xlsx,https://www.cdc.gov/nchs/data/nvsr/nvsr70/nvsr70-18.pdf,data-raw/downloads/state/2019_MI_table1.xlsx,20681,495634cd5e95d2d74c8034fde73734d1c680370d2fc48ae611edbc145050ae70
2019,MN,1,Both,https://ftp.cdc.gov/pub/Health_Statistics/NCHS/Publications/NVSR/70-18/MN1.xlsx,https://www.cdc.gov/nchs/data/nvsr/nvsr70/nvsr70-18.pdf,data-raw/downloads/state/2019_MN_table1.xlsx,20748,daedfe2dd8127a7d320bd9fa745b60c3ab631d188717191d0bdd1980c4de3ea3
2019,MO,1,Both,https://ftp.cdc.gov/pub/Health_Statistics/NCHS/Publications/NVSR/70-18/MO1.xlsx,https://www.cdc.gov/nchs/data/nvsr/nvsr70/nvsr70-18.pdf,data-raw/downloads/state/2019_MO_table1.xlsx,20726,4609047e7f7b73b2dc6857a73fd3da73967b0f3522f4c92d4921d2b8acfd65ff
2019,MS,1,Both,https://ftp.cdc.gov/pub/Health_Statistics/NCHS/Publications/NVSR/70-18/MS1.xlsx,https://www.cdc.gov/nchs/data/nvsr/nvsr70/nvsr70-18.pdf,data-raw/downloads/state/2019_MS_table1.xlsx,20722,65f1b39a2ffb92ed54aee1e646874f80c3af70e20d26d87357d3b6dc01b57055
2019,MT,1,Both,https://ftp.cdc.gov/pub/Health_Statistics/NCHS/Publications/NVSR/70-18/MT1.xlsx,https://www.cdc.gov/nchs/data/nvsr/nvsr70/nvsr70-18.pdf,data-raw/downloads/state/2019_MT_table1.xlsx,20662,3b7b7087452598e5575649756512bd56da64c316de374c060f4a0fcb32f7ff20
2019,NC,1,Both,https://ftp.cdc.gov/pub/Health_Statistics/NCHS/Publications/NVSR/70-18/NC1.xlsx,https://www.cdc.gov/nchs/data/nvsr/nvsr70/nvsr70-18.pdf,data-raw/downloads/state/2019_NC_table1.xlsx,20738,0e943c4963fc6f75a00df1ac43f09a6a69f94e3ce18b8203c28d76ae88f0dc89
2019,ND,1,Both,https://ftp.cdc.gov/pub/Health_Statistics/NCHS/Publications/NVSR/70-18/ND1.xlsx,https://www.cdc.gov/nchs/data/nvsr/nvsr70/nvsr70-18.pdf,data-raw/downloads/state/2019_ND_table1.xlsx,20721,0695ba1567301d86e7a2721bd95b358f2679533a14497c3de52409b2f0d0b7e2
2019,NE,1,Both,https://ftp.cdc.gov/pub/Health_Statistics/NCHS/Publications/NVSR/70-18/NE1.xlsx,https://www.cdc.gov/nchs/data/nvsr/nvsr70/nvsr70-18.pdf,data-raw/downloads/state/2019_NE_table1.xlsx,20671,12fee4b128e310a282b27678edc26d7b299f9ba1c7261c268cca42ab0751e896
2019,NH,1,Both,https://ftp.cdc.gov/pub/Health_Statistics/NCHS/Publications/NVSR/70-18/NH1.xlsx,https://www.cdc.gov/nchs/data/nvsr/nvsr70/nvsr70-18.pdf,data-raw/downloads/state/2019_NH_table1.xlsx,20709,bfb2d3c25b566c0302131b5d60b5713e88b83dfe9092f37360a40ef5b3ce7e63
2019,NJ,1,Both,https://ftp.cdc.gov/pub/Health_Statistics/NCHS/Publications/NVSR/70-18/NJ1.xlsx,https://www.cdc.gov/nchs/data/nvsr/nvsr70/nvsr70-18.pdf,data-raw/downloads/state/2019_NJ_table1.xlsx,20720,cbc9cb1f2bb1b8e94f911739d092986d811735852c5326c952ffc80a80b37892
2019,NM,1,Both,https://ftp.cdc.gov/pub/Health_Statistics/NCHS/Publications/NVSR/70-18/NM1.xlsx,https://www.cdc.gov/nchs/data/nvsr/nvsr70/nvsr70-18.pdf,data-raw/downloads/state/2019_NM_table1.xlsx,20714,e4e3cf957f3c5a81b701047effe3a6618969c759daf2f821709cfea8658b23e7
2019,NV,1,Both,https://ftp.cdc.gov/pub/Health_Statistics/NCHS/Publications/NVSR/70-18/NV1.xlsx,https://www.cdc.gov/nchs/data/nvsr/nvsr70/nvsr70-18.pdf,data-raw/downloads/state/2019_NV_table1.xlsx,20753,9269735f61e20ee005726b8405f8720aa8e0d1b56d673e510d8596dba470dd5a
2019,NY,1,Both,https://ftp.cdc.gov/pub/Health_Statistics/NCHS/Publications/NVSR/70-18/NY1.xlsx,https://www.cdc.gov/nchs/data/nvsr/nvsr70/nvsr70-18.pdf,data-raw/downloads/state/2019_NY_table1.xlsx,20637,c026f570ab7ff6103a7262a5cefd0a5c85e2e2e3de6f3649b353fbdb114ced1c
2019,OH,1,Both,https://ftp.cdc.gov/pub/Health_Statistics/NCHS/Publications/NVSR/70-18/OH1.xlsx,https://www.cdc.gov/nchs/data/nvsr/nvsr70/nvsr70-18.pdf,data-raw/downloads/state/2019_OH_table1.xlsx,20695,315aaeaaff3e5cac57744ab974eecaaf6cd51ba93e97b3c42e1fd7d7086c1e0e
2019,OK,1,Both,https://ftp.cdc.gov/pub/Health_Statistics/NCHS/Publications/NVSR/70-18/OK1.xlsx,https://www.cdc.gov/nchs/data/nvsr/nvsr70/nvsr70-18.pdf,data-raw/downloads/state/2019_OK_table1.xlsx,20736,a773295db348b499414abd4187bfe55beb59ce01f3f394c6c094b95dbe556f8e
2019,OR,1,Both,https://ftp.cdc.gov/pub/Health_Statistics/NCHS/Publications/NVSR/70-18/OR1.xlsx,https://www.cdc.gov/nchs/data/nvsr/nvsr70/nvsr70-18.pdf,data-raw/downloads/state/2019_OR_table1.xlsx,20705,672486f7472d07679432cbc394826858ce2702e209e3b20e55cee7125438f427
2019,PA,1,Both,https://ftp.cdc.gov/pub/Health_Statistics/NCHS/Publications/NVSR/70-18/PA1.xlsx,https://www.cdc.gov/nchs/data/nvsr/nvsr70/nvsr70-18.pdf,data-raw/downloads/state/2019_PA_table1.xlsx,20731,1d0ceca7bb702a2599b56e80209a585aa0a0820bb02aa344726e137227ea54d0
2019,RI,1,Both,https://ftp.cdc.gov/pub/Health_Statistics/NCHS/Publications/NVSR/70-18/RI1.xlsx,https://www.cdc.gov/nchs/data/nvsr/nvsr70/nvsr70-18.pdf,data-raw/downloads/state/2019_RI_table1.xlsx,20691,bf69a96ba506121f0429d596f4ec537be5045ea7c209d5fd527ff4c387684dcb
2019,SC,1,Both,https://ftp.cdc.gov/pub/Health_Statistics/NCHS/Publications/NVSR/70-18/SC1.xlsx,https://www.cdc.gov/nchs/data/nvsr/nvsr70/nvsr70-18.pdf,data-raw/downloads/state/2019_SC_table1.xlsx,20741,ba75904b72c30e9833a70247e93001027ca64a0b61ff01fb01e5ca8f2526ce11
2019,SD,1,Both,https://ftp.cdc.gov/pub/Health_Statistics/NCHS/Publications/NVSR/70-18/SD1.xlsx,https://www.cdc.gov/nchs/data/nvsr/nvsr70/nvsr70-18.pdf,data-raw/downloads/state/2019_SD_table1.xlsx,20724,50bff2d9b12b5e236f141235d5a3f953a92a52170536a13956ae61ef293a22ea
2019,TN,1,Both,https://ftp.cdc.gov/pub/Health_Statistics/NCHS/Publications/NVSR/70-18/TN1.xlsx,https://www.cdc.gov/nchs/data/nvsr/nvsr70/nvsr70-18.pdf,data-raw/downloads/state/2019_TN_table1.xlsx,20684,4d0976a70a0b0a8adff5521afa4aa52d81d9f6980cf6f1f261292262b592a203
2019,TX,1,Both,https://ftp.cdc.gov/pub/Health_Statistics/NCHS/Publications/NVSR/70-18/TX1.xlsx,https://www.cdc.gov/nchs/data/nvsr/nvsr70/nvsr70-18.pdf,data-raw/downloads/state/2019_TX_table1.xlsx,20712,58e9f0a03706d7773ec0bee0d755764c9b8f92ea3550fb94a656bf5bfa1e596e
2019,UT,1,Both,https://ftp.cdc.gov/pub/Health_Statistics/NCHS/Publications/NVSR/70-18/UT1.xlsx,https://www.cdc.gov/nchs/data/nvsr/nvsr70/nvsr70-18.pdf,data-raw/downloads/state/2019_UT_table1.xlsx,20721,a7a85977875652f73964b175dcd95adbe5e417fceabfe806ea3a13834ed625a0
2019,VA,1,Both,https://ftp.cdc.gov/pub/Health_Statistics/NCHS/Publications/NVSR/70-18/VA1.xlsx,https://www.cdc.gov/nchs/data/nvsr/nvsr70/nvsr70-18.pdf,data-raw/downloads/state/2019_VA_table1.xlsx,20718,d505ab3a74c533ec93ae4fe8c83b628df974943ea3766399848fe5fea6fba128
2019,VT,1,Both,https://ftp.cdc.gov/pub/Health_Statistics/NCHS/Publications/NVSR/70-18/VT1.xlsx,https://www.cdc.gov/nchs/data/nvsr/nvsr70/nvsr70-18.pdf,data-raw/downloads/state/2019_VT_table1.xlsx,20687,e374add70eefa50c7b69fb6632f489ec04accfd0032f04bf5ed8dd88e5d0197d
2019,WA,1,Both,https://ftp.cdc.gov/pub/Health_Statistics/NCHS/Publications/NVSR/70-18/WA1.xlsx,https://www.cdc.gov/nchs/data/nvsr/nvsr70/nvsr70-18.pdf,data-raw/downloads/state/2019_WA_table1.xlsx,20757,dca9110b2b0a853e8d9a657d10daed80a6742732c880eb7d2f54f8d19f92dd64
2019,WI,1,Both,https://ftp.cdc.gov/pub/Health_Statistics/NCHS/Publications/NVSR/70-18/WI1.xlsx,https://www.cdc.gov/nchs/data/nvsr/nvsr70/nvsr70-18.pdf,data-raw/downloads/state/2019_WI_table1.xlsx,20663,6b66bcd54fcc7bae5a8fb7f77d57fbb160d6a60d84bb1832a71bb0ee1016ee9b
2019,WV,1,Both,https://ftp.cdc.gov/pub/Health_Statistics/NCHS/Publications/NVSR/70-18/WV1.xlsx,https://www.cdc.gov/nchs/data/nvsr/nvsr70/nvsr70-18.pdf,data-raw/downloads/state/2019_WV_table1.xlsx,20712,9bd832475adc24afcd1f6581db673ed1496fb95fd36a9637480133cbb402a1c8
2019,WY,1,Both,https://ftp.cdc.gov/pub/Health_Statistics/NCHS/Publications/NVSR/70-18/WY1.xlsx,https://www.cdc.gov/nchs/data/nvsr/nvsr70/nvsr70-18.pdf,data-raw/downloads/state/2019_WY_table1.xlsx,20684,66123d43904bb2a2badf0492962cc77d2bc6898fbc77597cc94e21cb4374786e
2022,AK,1,Both,https://ftp.cdc.gov/pub/Health_Statistics/NCHS/Publications/NVSR/74-12/AK1.xlsx,https://www.cdc.gov/nchs/data/nvsr/nvsr74/nvsr74-12.pdf,data-raw/downloads/state/2022_AK_table1.xlsx,20590,3d767112eddac246e0018e37f96558114643cf88d6c4ed6e8df57b695a6c3870
2022,AL,1,Both,https://ftp.cdc.gov/pub/Health_Statistics/NCHS/Publications/NVSR/74-12/AL1.xlsx,https://www.cdc.gov/nchs/data/nvsr/nvsr74/nvsr74-12.pdf,data-raw/downloads/state/2022_AL_table1.xlsx,20631,6f21714ac14d3e075fdaadb98c7711b00a341cdff30daf0ebb19a826ca8a4b2a
2022,AR,1,Both,https://ftp.cdc.gov/pub/Health_Statistics/NCHS/Publications/NVSR/74-12/AR1.xlsx,https://www.cdc.gov/nchs/data/nvsr/nvsr74/nvsr74-12.pdf,data-raw/downloads/state/2022_AR_table1.xlsx,20666,8fd226480932e33b00292f628d88bcbd3ec7f38db355cb42d05a90c27ae43000
2022,AZ,1,Both,https://ftp.cdc.gov/pub/Health_Statistics/NCHS/Publications/NVSR/74-12/AZ1.xlsx,https://www.cdc.gov/nchs/data/nvsr/nvsr74/nvsr74-12.pdf,data-raw/downloads/state/2022_AZ_table1.xlsx,20620,f3fd2f1493934919b3b8e80157c02d60e129435e73e79dd44a5a71cc23ff1983
2022,CA,1,Both,https://ftp.cdc.gov/pub/Health_Statistics/NCHS/Publications/NVSR/74-12/CA1.xlsx,https://www.cdc.gov/nchs/data/nvsr/nvsr74/nvsr74-12.pdf,data-raw/downloads/state/2022_CA_table1.xlsx,20608,82031a5c62d8ce62cd50a7edf337a9fdc762527622fc9a593b2916ecb7ae44f8
2022,CO,1,Both,https://ftp.cdc.gov/pub/Health_Statistics/NCHS/Publications/NVSR/74-12/CO1.xlsx,https://www.cdc.gov/nchs/data/nvsr/nvsr74/nvsr74-12.pdf,data-raw/downloads/state/2022_CO_table1.xlsx,20661,03e0d2f0a5d297c404e2e51040e6f958d479a2c432c4822d99ad26da4f847ae3
2022,CT,1,Both,https://ftp.cdc.gov/pub/Health_Statistics/NCHS/Publications/NVSR/74-12/CT1.xlsx,https://www.cdc.gov/nchs/data/nvsr/nvsr74/nvsr74-12.pdf,data-raw/downloads/state/2022_CT_table1.xlsx,20664,b3866bb5d9cf8cfe5720a8ae17e2a8c73b5f0571f1dbd4a25c155cd4425c54a7
2022,DC,1,Both,https://ftp.cdc.gov/pub/Health_Statistics/NCHS/Publications/NVSR/74-12/DC1.xlsx,https://www.cdc.gov/nchs/data/nvsr/nvsr74/nvsr74-12.pdf,data-raw/downloads/state/2022_DC_table1.xlsx,20643,4fb7a2e361af5d38a7f37330312df01eedaac7e032e2bd7df960e09f293c1ab6
2022,DE,1,Both,https://ftp.cdc.gov/pub/Health_Statistics/NCHS/Publications/NVSR/74-12/DE1.xlsx,https://www.cdc.gov/nchs/data/nvsr/nvsr74/nvsr74-12.pdf,data-raw/downloads/state/2022_DE_table1.xlsx,20651,42af6c45df1f0f3a653bae2cceda5b367097b41410ea5f242fcf41bb305640c9
2022,FL,1,Both,https://ftp.cdc.gov/pub/Health_Statistics/NCHS/Publications/NVSR/74-12/FL1.xlsx,https://www.cdc.gov/nchs/data/nvsr/nvsr74/nvsr74-12.pdf,data-raw/downloads/state/2022_FL_table1.xlsx,20682,2bf65c8b9ffb826d1d18be006d00fe57f0639843c34dfc9162c23a9f187a2c0c
2022,GA,1,Both,https://ftp.cdc.gov/pub/Health_Statistics/NCHS/Publications/NVSR/74-12/GA1.xlsx,https://www.cdc.gov/nchs/data/nvsr/nvsr74/nvsr74-12.pdf,data-raw/downloads/state/2022_GA_table1.xlsx,20670,3c7819a9ed75ee1248b2cf4ed7dbc8e65d3dc0df2ed5315358439897b66ee1cf
2022,HI,1,Both,https://ftp.cdc.gov/pub/Health_Statistics/NCHS/Publications/NVSR/74-12/HI1.xlsx,https://www.cdc.gov/nchs/data/nvsr/nvsr74/nvsr74-12.pdf,data-raw/downloads/state/2022_HI_table1.xlsx,20633,e5d2f58a7cbf4854eff6a447ad5ff61c60577db7f984fbcbdf58f47aeb7bae3a
2022,IA,1,Both,https://ftp.cdc.gov/pub/Health_Statistics/NCHS/Publications/NVSR/74-12/IA1.xlsx,https://www.cdc.gov/nchs/data/nvsr/nvsr74/nvsr74-12.pdf,data-raw/downloads/state/2022_IA_table1.xlsx,20682,5ea4892b1843bc0a21dde3db5353c7317f972733883f190a0ce4d273c30d48b0
2022,ID,1,Both,https://ftp.cdc.gov/pub/Health_Statistics/NCHS/Publications/NVSR/74-12/ID1.xlsx,https://www.cdc.gov/nchs/data/nvsr/nvsr74/nvsr74-12.pdf,data-raw/downloads/state/2022_ID_table1.xlsx,20616,414cc14b65eef4b984a5ea34b55a3d4fd6c91960b710dd1035cdb131376df7ea
2022,IL,1,Both,https://ftp.cdc.gov/pub/Health_Statistics/NCHS/Publications/NVSR/74-12/IL1.xlsx,https://www.cdc.gov/nchs/data/nvsr/nvsr74/nvsr74-12.pdf,data-raw/downloads/state/2022_IL_table1.xlsx,20607,ae79bca291fed024e30facc7ea04af3263fb45a0b2af6cd84d00e9876f2e4d4e
2022,IN,1,Both,https://ftp.cdc.gov/pub/Health_Statistics/NCHS/Publications/NVSR/74-12/IN1.xlsx,https://www.cdc.gov/nchs/data/nvsr/nvsr74/nvsr74-12.pdf,data-raw/downloads/state/2022_IN_table1.xlsx,20592,06c5d0f64c1b8bb0b26faca7f3db9d54100ff94bf6e3ad15499c6bba574fded9
2022,KS,1,Both,https://ftp.cdc.gov/pub/Health_Statistics/NCHS/Publications/NVSR/74-12/KS1.xlsx,https://www.cdc.gov/nchs/data/nvsr/nvsr74/nvsr74-12.pdf,data-raw/downloads/state/2022_KS_table1.xlsx,20560,463c49b777d08ae22f97697339c1a6cdbf864abc7e010d845fd19654b5a107e4
2022,KY,1,Both,https://ftp.cdc.gov/pub/Health_Statistics/NCHS/Publications/NVSR/74-12/KY1.xlsx,https://www.cdc.gov/nchs/data/nvsr/nvsr74/nvsr74-12.pdf,data-raw/downloads/state/2022_KY_table1.xlsx,20627,d94616627ed430f50c27b81308a851a40720c3611d6440070a81619f57a45a01
2022,LA,1,Both,https://ftp.cdc.gov/pub/Health_Statistics/NCHS/Publications/NVSR/74-12/LA1.xlsx,https://www.cdc.gov/nchs/data/nvsr/nvsr74/nvsr74-12.pdf,data-raw/downloads/state/2022_LA_table1.xlsx,20545,057466278e324a5831d407286657a510a8e4f47812efa724a6da5c74415174a8
2022,MA,1,Both,https://ftp.cdc.gov/pub/Health_Statistics/NCHS/Publications/NVSR/74-12/MA1.xlsx,https://www.cdc.gov/nchs/data/nvsr/nvsr74/nvsr74-12.pdf,data-raw/downloads/state/2022_MA_table1.xlsx,20557,3f3f9d4fe27d59356b1550b62016dfadd02067ed6e3a8ffeec08c4a7f3f866d9
2022,MD,1,Both,https://ftp.cdc.gov/pub/Health_Statistics/NCHS/Publications/NVSR/74-12/MD1.xlsx,https://www.cdc.gov/nchs/data/nvsr/nvsr74/nvsr74-12.pdf,data-raw/downloads/state/2022_MD_table1.xlsx,20554,21b9ce70412eb33cdb192ef2b7a01e1a4f525598e4389855ce2ac4072e559453
2022,ME,1,Both,https://ftp.cdc.gov/pub/Health_Statistics/NCHS/Publications/NVSR/74-12/ME1.xlsx,https://www.cdc.gov/nchs/data/nvsr/nvsr74/nvsr74-12.pdf,data-raw/downloads/state/2022_ME_table1.xlsx,20576,60a5af3e16ba5f6a9c6c305bc303bc74a9229db26a42fd9b26582aa6cec1dd72
2022,MI,1,Both,https://ftp.cdc.gov/pub/Health_Statistics/NCHS/Publications/NVSR/74-12/MI1.xlsx,https://www.cdc.gov/nchs/data/nvsr/nvsr74/nvsr74-12.pdf,data-raw/downloads/state/2022_MI_table1.xlsx,20621,63931af7f2c4d1a2cf60f6c16a458e880531264516ff6309753317af12be0a23
2022,MN,1,Both,https://ftp.cdc.gov/pub/Health_Statistics/NCHS/Publications/NVSR/74-12/MN1.xlsx,https://www.cdc.gov/nchs/data/nvsr/nvsr74/nvsr74-12.pdf,data-raw/downloads/state/2022_MN_table1.xlsx,20544,e6b5dcc8897ec039c4fe572c63df93d644b07f003748f9aa08d8b7852cd11ecb
2022,MO,1,Both,https://ftp.cdc.gov/pub/Health_Statistics/NCHS/Publications/NVSR/74-12/MO1.xlsx,https://www.cdc.gov/nchs/data/nvsr/nvsr74/nvsr74-12.pdf,data-raw/downloads/state/2022_MO_table1.xlsx,20550,5978075c575a72a614498bd78fa97828ea5a6aca4e20f390e128da9631a3dd2e
2022,MS,1,Both,https://ftp.cdc.gov/pub/Health_Statistics/NCHS/Publications/NVSR/74-12/MS1.xlsx,https://www.cdc.gov/nchs/data/nvsr/nvsr74/nvsr74-12.pdf,data-raw/downloads/state/2022_MS_table1.xlsx,20573,d16e0421b6f0fc7635131ad826e507a711018fe0c0d2d92ed8b0929c7ec91eb0
2022,MT,1,Both,https://ftp.cdc.gov/pub/Health_Statistics/NCHS/Publications/NVSR/74-12/MT1.xlsx,https://www.cdc.gov/nchs/data/nvsr/nvsr74/nvsr74-12.pdf,data-raw/downloads/state/2022_MT_table1.xlsx,20606,438e5eecb236de07d178226a4e396ae153431436304e22fff33680af14c890e8
2022,NC,1,Both,https://ftp.cdc.gov/pub/Health_Statistics/NCHS/Publications/NVSR/74-12/NC1.xlsx,https://www.cdc.gov/nchs/data/nvsr/nvsr74/nvsr74-12.pdf,data-raw/downloads/state/2022_NC_table1.xlsx,20593,374d0e6298e0dcecb06b38e6f60291002da97ad27b76d82c84f71a11c4a153c2
2022,ND,1,Both,https://ftp.cdc.gov/pub/Health_Statistics/NCHS/Publications/NVSR/74-12/ND1.xlsx,https://www.cdc.gov/nchs/data/nvsr/nvsr74/nvsr74-12.pdf,data-raw/downloads/state/2022_ND_table1.xlsx,20560,c01394b1251cf25eb7189c87d5d60c24e7ee7c7f6b4ccd5dd37fdaedfe94277a
2022,NE,1,Both,https://ftp.cdc.gov/pub/Health_Statistics/NCHS/Publications/NVSR/74-12/NE1.xlsx,https://www.cdc.gov/nchs/data/nvsr/nvsr74/nvsr74-12.pdf,data-raw/downloads/state/2022_NE_table1.xlsx,20582,6de06acd4e0cac58509291c8403e5db1002a441744dba15ca3264826a425fed4
2022,NH,1,Both,https://ftp.cdc.gov/pub/Health_Statistics/NCHS/Publications/NVSR/74-12/NH1.xlsx,https://www.cdc.gov/nchs/data/nvsr/nvsr74/nvsr74-12.pdf,data-raw/downloads/state/2022_NH_table1.xlsx,20610,f931570b68898b506692d2666e71106af51a09c512ba832afd862d87e0cd6af9
2022,NJ,1,Both,https://ftp.cdc.gov/pub/Health_Statistics/NCHS/Publications/NVSR/74-12/NJ1.xlsx,https://www.cdc.gov/nchs/data/nvsr/nvsr74/nvsr74-12.pdf,data-raw/downloads/state/2022_NJ_table1.xlsx,20637,699f27955b6380b46f400b8db2a6c4ea875231427323b8dc1faf253b55a77049
2022,NM,1,Both,https://ftp.cdc.gov/pub/Health_Statistics/NCHS/Publications/NVSR/74-12/NM1.xlsx,https://www.cdc.gov/nchs/data/nvsr/nvsr74/nvsr74-12.pdf,data-raw/downloads/state/2022_NM_table1.xlsx,20598,ae2c2cfb8f3ab94acc686a4f933314a14d4e202c06220969f8e395f68de40d6c
2022,NV,1,Both,https://ftp.cdc.gov/pub/Health_Statistics/NCHS/Publications/NVSR/74-12/NV1.xlsx,https://www.cdc.gov/nchs/data/nvsr/nvsr74/nvsr74-12.pdf,data-raw/downloads/state/2022_NV_table1.xlsx,20596,f2ae7e8b69ebf8797a27507827d7e10e57432f130df3561b659f61b833b7fe58
2022,NY,1,Both,https://ftp.cdc.gov/pub/Health_Statistics/NCHS/Publications/NVSR/74-12/NY1.xlsx,https://www.cdc.gov/nchs/data/nvsr/nvsr74/nvsr74-12.pdf,data-raw/downloads/state/2022_NY_table1.xlsx,20672,631caa5fbfdf287c11f062e7bb2d91035f5df4b1de8b0bf826f520bc2718f3ac
2022,OH,1,Both,https://ftp.cdc.gov/pub/Health_Statistics/NCHS/Publications/NVSR/74-12/OH1.xlsx,https://www.cdc.gov/nchs/data/nvsr/nvsr74/nvsr74-12.pdf,data-raw/downloads/state/2022_OH_table1.xlsx,20629,d8efeddb2445f7404ac1cccb683cd588ce77326c8b3130b7da77e71cf0faacdc
2022,OK,1,Both,https://ftp.cdc.gov/pub/Health_Statistics/NCHS/Publications/NVSR/74-12/OK1.xlsx,https://www.cdc.gov/nchs/data/nvsr/nvsr74/nvsr74-12.pdf,data-raw/downloads/state/2022_OK_table1.xlsx,20642,8c9b3cfd0cff77febf2e41f5e6abedc76aeb6ab7dcb591d85cbdf3409981e469
2022,OR,1,Both,https://ftp.cdc.gov/pub/Health_Statistics/NCHS/Publications/NVSR/74-12/OR1.xlsx,https://www.cdc.gov/nchs/data/nvsr/nvsr74/nvsr74-12.pdf,data-raw/downloads/state/2022_OR_table1.xlsx,20559,995da3b507fd22f7c1758876b4892a54e396482580766c5e726125f98f7ae025
2022,PA,1,Both,https://ftp.cdc.gov/pub/Health_Statistics/NCHS/Publications/NVSR/74-12/PA1.xlsx,https://www.cdc.gov/nchs/data/nvsr/nvsr74/nvsr74-12.pdf,data-raw/downloads/state/2022_PA_table1.xlsx,20534,8280b4a514c716e1ba41f390b2086047688cdb7add68fd32715fdf2d3231a71c
2022,RI,1,Both,https://ftp.cdc.gov/pub/Health_Statistics/NCHS/Publications/NVSR/74-12/RI1.xlsx,https://www.cdc.gov/nchs/data/nvsr/nvsr74/nvsr74-12.pdf,data-raw/downloads/state/2022_RI_table1.xlsx,20644,d794372b6702a95b7efb8c27a559d748665b89a38cdcbfaec311d2a68c91d4f2
2022,SC,1,Both,https://ftp.cdc.gov/pub/Health_Statistics/NCHS/Publications/NVSR/74-12/SC1.xlsx,https://www.cdc.gov/nchs/data/nvsr/nvsr74/nvsr74-12.pdf,data-raw/downloads/state/2022_SC_table1.xlsx,20574,fb3150916a61d85ea69336f3eed69b7fb4c89faf29a0dfc7ea415b7830e06ea4
2022,SD,1,Both,https://ftp.cdc.gov/pub/Health_Statistics/NCHS/Publications/NVSR/74-12/SD1.xlsx,https://www.cdc.gov/nchs/data/nvsr/nvsr74/nvsr74-12.pdf,data-raw/downloads/state/2022_SD_table1.xlsx,20548,944ab9eb4425ec2b992f892cb51501ae9e07a0b16ced1fc9f8781c5880404807
2022,TN,1,Both,https://ftp.cdc.gov/pub/Health_Statistics/NCHS/Publications/NVSR/74-12/TN1.xlsx,https://www.cdc.gov/nchs/data/nvsr/nvsr74/nvsr74-12.pdf,data-raw/downloads/state/2022_TN_table1.xlsx,20622,446b946126dbc3d182b505a65819f8b21afe82dc8b6c61599cedbc0f4ef75bf5
2022,TX,1,Both,https://ftp.cdc.gov/pub/Health_Statistics/NCHS/Publications/NVSR/74-12/TX1.xlsx,https://www.cdc.gov/nchs/data/nvsr/nvsr74/nvsr74-12.pdf,data-raw/downloads/state/2022_TX_table1.xlsx,20647,1a66755f2a599f320bdc75ef41ac3489ac6a1a5ee45f397866146d8545818a37
2022,UT,1,Both,https://ftp.cdc.gov/pub/Health_Statistics/NCHS/Publications/NVSR/74-12/UT1.xlsx,https://www.cdc.gov/nchs/data/nvsr/nvsr74/nvsr74-12.pdf,data-raw/downloads/state/2022_UT_table1.xlsx,20579,70fc13e922e168de6e0c094c8569d5d0d8196ecb17fb9d5a6f6591e763e9f429
2022,VA,1,Both,https://ftp.cdc.gov/pub/Health_Statistics/NCHS/Publications/NVSR/74-12/VA1.xlsx,https://www.cdc.gov/nchs/data/nvsr/nvsr74/nvsr74-12.pdf,data-raw/downloads/state/2022_VA_table1.xlsx,20604,2540623a37acd1cd34a98938141d0080f84990f56e7b63e3a00c3befb6c640cb
2022,VT,1,Both,https://ftp.cdc.gov/pub/Health_Statistics/NCHS/Publications/NVSR/74-12/VT1.xlsx,https://www.cdc.gov/nchs/data/nvsr/nvsr74/nvsr74-12.pdf,data-raw/downloads/state/2022_VT_table1.xlsx,20528,6d15836ed388d7e4cebac0ca22b3873d4528b3219afa64a4790214d4f266c520
2022,WA,1,Both,https://ftp.cdc.gov/pub/Health_Statistics/NCHS/Publications/NVSR/74-12/WA1.xlsx,https://www.cdc.gov/nchs/data/nvsr/nvsr74/nvsr74-12.pdf,data-raw/downloads/state/2022_WA_table1.xlsx,20576,2f8113d47bffcc17a07becbafe78d62fde1e3a60e60a320fcb437dd0bc6de5a6
2022,WI,1,Both,https://ftp.cdc.gov/pub/Health_Statistics/NCHS/Publications/NVSR/74-12/WI1.xlsx,https://www.cdc.gov/nchs/data/nvsr/nvsr74/nvsr74-12.pdf,data-raw/downloads/state/2022_WI_table1.xlsx,20567,971b5a05c9fde2903193950c5eb9b56c0a6c630bdace4e760838c9ee16c0385e
2022,WV,1,Both,https://ftp.cdc.gov/pub/Health_Statistics/NCHS/Publications/NVSR/74-12/WV1.xlsx,https://www.cdc.gov/nchs/data/nvsr/nvsr74/nvsr74-12.pdf,data-raw/downloads/state/2022_WV_table1.xlsx,20580,cdb06e6b441ec119dc4e0e367b1ad581430e0ef5edb9a084d5d8ca0ac7e3a86e
2022,WY,1,Both,https://ftp.cdc.gov/pub/Health_Statistics/NCHS/Publications/NVSR/74-12/WY1.xlsx,https://www.cdc.gov/nchs/data/nvsr/nvsr74/nvsr74-12.pdf,data-raw/downloads/state/2022_WY_table1.xlsx,20523,b2960ba3bba5b7f43d9da1ff721144131be1f4e736c5b69b2da9cd5949fb5dc4
