age,cause,mx_2005,mx_2023,from_year,to_year,change,age_band
20,Alcohol-induced,3.1905779757470676e-6,2.4486076103944955e-6,2005,2023,-7.419703653525722e-7,20–29
20,Cancer,3.7147443574769426e-5,3.0941496167712264e-5,2005,2023,-6.205947407057163e-6,20–29
20,Chronic lower respiratory disease,3.874273256264295e-6,2.8938089941025854e-6,2005,2023,-9.8046426216171e-7,20–29
20,Diabetes,5.241663817298753e-6,5.787617988205171e-6,2005,2023,5.459541709064175e-7,20–29
20,Drug overdose,7.930865253999852e-5,1.4958766492591827e-4,2005,2023,7.027901238591975e-5,20–29
20,Heart disease,2.3929334818103002e-5,1.847585742388574e-5,2005,2023,-5.4534773942172634e-6,20–29
20,Homicide,1.533756412626983e-4,1.4558085247254546e-4,2005,2023,-7.794788790152837e-6,20–29
20,Other causes,1.5793360979947984e-4,1.2710499504865972e-4,2005,2023,-3.0828614750820125e-5,20–29
20,Other unintentional injury,3.1495562589160337e-4,2.0635084134869975e-4,2005,2023,-1.0860478454290362e-4,20–29
20,Stroke,4.102171683103372e-6,2.0034062266864055e-6,2005,2023,-2.0987654564169666e-6,20–29
20,Suicide,1.0392168263861876e-4,1.2421118605455712e-4,2005,2023,2.0289503415938352e-5,20–29
21,Alcohol-induced,5.460873820738571e-6,4.029461712740849e-6,2005,2023,-1.4314121079977222e-6,20–29
21,Cancer,4.7100036703870174e-5,3.536971947850301e-5,2005,2023,-1.1730317225367161e-5,20–29
21,Chronic lower respiratory disease,4.55072818394881e-6,6.939628505275907e-6,2005,2023,2.3889003213270978e-6,20–29
21,Diabetes,5.688410229936011e-6,7.1634874893170655e-6,2005,2023,1.4750772593810541e-6,20–29
21,Drug overdose,9.237978213416083e-5,1.5826830171709893e-4,2005,2023,6.58885195829381e-5,20–29
21,Heart disease,2.7759441922087736e-5,2.0371167547745408e-5,2005,2023,-7.388274374342329e-6,20–29
21,Homicide,1.6064070489339298e-4,1.4058344197784742e-4,2005,2023,-2.0057262915545564e-5,20–29
21,Other causes,1.7247259817165987e-4,1.4640377556291752e-4,2005,2023,-2.606882260874235e-5,20–29
21,Other unintentional injury,3.237843102879578e-4,2.146807656954708e-4,2005,2023,-1.0910354459248698e-4,20–29
21,Stroke,4.55072818394881e-6,3.1340257765762165e-6,2005,2023,-1.4167024073725931e-6,20–29
21,Suicide,1.158160322814972e-4,1.6005917358942817e-4,2005,2023,4.4243141307930976e-5,20–29
22,Alcohol-induced,5.732867421546984e-6,6.549947966090312e-6,2005,2023,8.170805445433275e-7,20–29
22,Cancer,5.04014594144339e-5,3.9073827521849103e-5,2005,2023,-1.1327631892584795e-5,20–29
22,Chronic lower respiratory disease,4.060781090262447e-6,8.130969888939698e-6,2005,2023,4.070188798677251e-6,20–29
22,Diabetes,5.971736897444775e-6,9.711991811789084e-6,2005,2023,3.740254914344309e-6,20–29
22,Drug overdose,1.034304830637435e-4,1.9717601980678766e-4,2005,2023,9.374553674304417e-5,20–29
22,Heart disease,3.296398767389516e-5,2.5070490490897402e-5,2005,2023,-7.893497182997758e-6,20–29
22,Homicide,1.6410332994178242e-4,1.3145067987119178e-4,2005,2023,-3.265265007059063e-5,20–29
22,Other causes,1.9682844813977978e-4,1.6374869915225778e-4,2005,2023,-3.3079748987522e-5,20–29
22,Other unintentional injury,3.260568346004847e-4,2.1569656233159476e-4,2005,2023,-1.1036027226888996e-4,20–29
22,Stroke,5.255128469751402e-6,4.291345219162618e-6,2005,2023,-9.637832505887836e-7,20–29
22,Suicide,1.141796094791441e-4,1.6871762519549873e-4,2005,2023,5.4538015716354635e-5,20–29
23,Alcohol-induced,5.345050603098899e-6,8.768924891026862e-6,2005,2023,3.4238742879279627e-6,20–29
23,Cancer,4.83484122734855e-5,3.876787846559245e-5,2005,2023,-9.58053380789305e-6,20–29
23,Chronic lower respiratory disease,3.6443526839310677e-6,5.9997907149131165e-6,2005,2023,2.3554380309820488e-6,20–29
23,Diabetes,8.503489595839158e-6,8.999686072369675e-6,2005,2023,4.96196476530517e-7,20–29
23,Drug overdose,1.0933058051793202e-4,2.2660748007864156e-4,2005,2023,1.1727689956070954e-4,20–29
23,Heart disease,4.3975189052768217e-5,3.115275948127965e-5,2005,2023,-1.282242957148857e-5,20–29
23,Homicide,1.613233454753486e-4,1.3961051471240136e-4,2005,2023,-2.1712830762947243e-5,20–29
23,Other causes,2.113724556680019e-4,1.6753261765488166e-4,2005,2023,-4.383983801312024e-5,20–29
23,Other unintentional injury,3.0175240222949236e-4,2.2476139062789906e-4,2005,2023,-7.69910116015933e-5,20–29
23,Stroke,5.830964294289708e-6,5.076745989541868e-6,2005,2023,-7.542183047478401e-7,20–29
23,Suicide,1.2658051655520575e-4,1.7007099064965256e-4,2005,2023,4.349047409444681e-5,20–29
24,Alcohol-induced,6.363274541597227e-6,1.0341910176056116e-5,2005,2023,3.978635634458888e-6,20–29
24,Cancer,5.237464430391564e-5,3.860979799060949e-5,2005,2023,-1.3764846313306144e-5,20–29
24,Chronic lower respiratory disease,4.650085241936435e-6,6.205146105633668e-6,2005,2023,1.5550608636972332e-6,20–29
24,Diabetes,6.608015870120197e-6,1.0571730402190694e-5,2005,2023,3.963714532070497e-6,20–29
24,Drug overdose,1.3142609341683503e-4,2.622248780195561e-4,2005,2023,1.307987846027211e-4,20–29
24,Heart disease,4.5521887105272466e-5,3.079591030203376e-5,2005,2023,-1.4725976803238703e-5,20–29
24,Homicide,1.6348720745334414e-4,1.4501656269092018e-4,2005,2023,-1.8470644762423957e-5,20–29
24,Other causes,1.9848521743212887e-4,1.7880013593270347e-4,2005,2023,-1.9685081499425398e-5,20–29
24,Other unintentional injury,2.890395089856279e-4,2.0775748442566062e-4,2005,2023,-8.128202455996727e-5,20–29
24,Stroke,8.81068782682693e-6,6.664786557902829e-6,2005,2023,-2.145901268924101e-6,20–29
24,Suicide,1.1258101112056633e-4,1.808685179679147e-4,2005,2023,6.828750684734837e-5,20–29
25,Alcohol-induced,7.487375111543154e-6,1.7348283283602926e-5,2005,2023,9.860908172059772e-6,20–29
25,Cancer,6.448803725103297e-5,4.1316306241212235e-5,2005,2023,-2.3171731009820736e-5,20–29
25,Chronic lower respiratory disease,4.830564588092357e-6,5.934939018074685e-6,2005,2023,1.104374429982328e-6,20–29
25,Diabetes,1.014418563499395e-5,1.5065614430497279e-5,2005,2023,4.9214287955033285e-6,20–29
25,Drug overdose,1.1786577594945352e-4,2.9811655221559765e-4,2005,2023,1.8025077626614413e-4,20–29
25,Heart disease,4.758106119270972e-5,3.9033637388106586e-5,2005,2023,-8.54742380460313e-6,20–29
25,Homicide,1.5481959504836006e-4,1.2828598954453744e-4,2005,2023,-2.6533605503822617e-5,20–29
25,Other causes,2.1568470885832377e-4,1.8535271087217862e-4,2005,2023,-3.0331997986145145e-5,20–29
25,Other unintentional injury,2.5384616910425334e-4,2.1137513579758303e-4,2005,2023,-4.247103330667031e-5,20–29
25,Stroke,7.97043157035239e-6,6.16320590338525e-6,2005,2023,-1.8072256669671405e-6,20–29
25,Suicide,1.1931494532588123e-4,1.7462416726258208e-4,2005,2023,5.530922193670085e-5,20–29
26,Alcohol-induced,8.3660453600797e-6,2.7257806767837533e-5,2005,2023,1.8891761407757833e-5,20–29
26,Cancer,6.102291909705193e-5,4.770116184371568e-5,2005,2023,-1.3321757253336253e-5,20–29
26,Chronic lower respiratory disease,4.429082837689253e-6,4.542967794639589e-6,2005,2023,1.1388495695033618e-7,20–29
26,Diabetes,6.8896844141832826e-6,1.885331634775429e-5,2005,2023,1.1963631933571008e-5,20–29
26,Drug overdose,1.3090400386948236e-4,3.3390813290600977e-4,2005,2023,2.030041290365274e-4,20–29
26,Heart disease,4.99502120028288e-5,4.065956176202432e-5,2005,2023,-9.29065024080448e-6,20–29
26,Homicide,1.5747850089561788e-4,1.32427511213744e-4,2005,2023,-2.5050989681873873e-5,20–29
26,Other causes,2.2268444267270967e-4,2.0057202813333783e-4,2005,2023,-2.2112414539371845e-5,20–29
26,Other unintentional injury,2.3154260834808819e-4,1.9398472483111043e-4,2005,2023,-3.755788351697775e-5,20–29
26,Stroke,8.858165675378505e-6,4.997264574103548e-6,2005,2023,-3.860901101274957e-6,20–29
26,Suicide,1.1146525141517955e-4,1.678626600119328e-4,2005,2023,5.639740859675324e-5,20–29
27,Alcohol-induced,1.1335415078706795e-5,3.087180981024632e-5,2005,2023,1.9536394731539526e-5,20–29
27,Cancer,6.599730556935955e-5,4.7649967315814977e-5,2005,2023,-1.8347338253544578e-5,20–29
27,Chronic lower respiratory disease,3.022777354321812e-6,7.158680535709292e-6,2005,2023,4.1359031813874795e-6,20–29
27,Diabetes,1.0579720740126342e-5,1.5212196138382245e-5,2005,2023,4.632475398255903e-6,20–29
27,Drug overdose,1.23430075301474e-4,3.684483388222876e-4,2005,2023,2.4501826352081363e-4,20–29
27,Heart disease,6.725679613366031e-5,5.257156018411511e-5,2005,2023,-1.46852359495452e-5,20–29
27,Homicide,1.3174271302585896e-4,1.2192127787379887e-4,2005,2023,-9.821435152060096e-6,20–29
27,Other causes,2.196551544140517e-4,2.154315423715015e-4,2005,2023,-4.223612042550189e-6,20–29
27,Other unintentional injury,2.3199816194419907e-4,2.0200901636704656e-4,2005,2023,-2.9989145577152506e-5,20–29
27,Stroke,1.1587313191566946e-5,8.053515602672954e-6,2005,2023,-3.5337975888939917e-6,20–29
27,Suicide,1.1335415078706794e-4,1.6934753642287292e-4,2005,2023,5.599338563580498e-5,20–29
28,Alcohol-induced,8.468188826868916e-6,4.1434540377999085e-5,2005,2023,3.296635155113017e-5,20–29
28,Cancer,6.954179309337807e-5,5.6723221052234045e-5,2005,2023,-1.2818572041144025e-5,20–29
28,Chronic lower respiratory disease,7.441741696339351e-6,6.204102302588098e-6,2005,2023,-1.2376393937512529e-6,20–29
28,Diabetes,1.1547530218457613e-5,1.9055457072234875e-5,2005,2023,7.507926853777262e-6,20–29
28,Drug overdose,1.3600424479516746e-4,4.161180044378732e-4,2005,2023,2.8011375964270575e-4,20–29
28,Heart disease,6.543600457125981e-5,5.6058495805528175e-5,2005,2023,-9.377508765731633e-6,20–29
28,Homicide,1.277926677509309e-4,1.1632691817352684e-4,2005,2023,-1.1465749577404066e-5,20–29
28,Other causes,2.3890556963075639e-4,2.3819321340293594e-4,2005,2023,-7.123562278204512e-7,20–29
28,Other unintentional injury,2.206861330638566e-4,1.956507976137604e-4,2005,2023,-2.5035335450096215e-5,20–29
28,Stroke,8.9814123921337e-6,1.0414028865058595e-5,2005,2023,1.4326164729248957e-6,20–29
28,Suicide,1.0495421909664808e-4,1.6906178774552568e-4,2005,2023,6.410756864887761e-5,20–29
29,Alcohol-induced,1.4278743685196447e-5,5.173922293974635e-5,2005,2023,3.74604792545499e-5,20–29
29,Cancer,8.0729820066303e-5,7.216844401466765e-5,2005,2023,-8.561376051635349e-6,20–29
29,Chronic lower respiratory disease,5.766415719021642e-6,5.773475521173412e-6,2005,2023,7.059802151769651e-9,20–29
29,Diabetes,1.4553334909911765e-5,1.9540994071663858e-5,2005,2023,4.9876591617520925e-6,20–29
29,Drug overdose,1.3180378786335184e-4,4.358974018485927e-4,2005,2023,3.0409361398524087e-4,20–29
29,Heart disease,7.111912720126693e-5,7.016993325733839e-5,2005,2023,-9.491939439285377e-7,20–29
29,Homicide,1.2219309499831576e-4,1.3012525597721615e-4,2005,2023,7.932160978900394e-6,20–29
29,Other causes,2.518001530639451e-4,2.484815041612711e-4,2005,2023,-3.318648902673983e-6,20–29
29,Other unintentional injury,2.1088606058136292e-4,2.0007313248374017e-4,2005,2023,-1.0812928097622752e-5,20–29
29,Stroke,1.2905787561619867e-5,1.0658724039089377e-5,2005,2023,-2.2470635225304896e-6,20–29
29,Suicide,1.0571762151539678e-4,1.7231603863194491e-4,2005,2023,6.659841711654813e-5,20–29
30,Alcohol-induced,1.3981714996596879e-5,6.136558771865966e-5,2005,2023,4.738387272206278e-5,30–39
30,Cancer,8.969402073288564e-5,7.908382079235715e-5,2005,2023,-1.0610199940528484e-5,30–39
30,Chronic lower respiratory disease,7.386566413296465e-6,6.914432419003904e-6,2005,2023,-4.721339942925605e-7,30–39
30,Diabetes,1.688358037324906e-5,2.6577349610546256e-5,2005,2023,9.693769237297195e-6,30–39
30,Drug overdose,1.3295819543933637e-4,4.7623153285889386e-4,2005,2023,3.432733374195575e-4,30–39
30,Heart disease,8.336267809291724e-5,7.000862824241452e-5,2005,2023,-1.3354049850502721e-5,30–39
30,Homicide,1.2214215176272367e-4,1.413137125633923e-4,2005,2023,1.9171560800668636e-5,30–39
30,Other causes,2.569469888053842e-4,2.642609640138055e-4,2005,2023,7.3139752084213435e-6,30–39
30,Other unintentional injury,2.020753525923247e-4,1.9792562799398678e-4,2005,2023,-4.149724598337905e-6,30–39
30,Stroke,1.319029716660083e-5,1.2100256733256832e-5,2005,2023,-1.090040433343998e-6,30–39
30,Suicide,1.1343655563276713e-4,1.7955916688100764e-4,2005,2023,6.61226112482405e-5,30–39
31,Alcohol-induced,1.5886699988023067e-5,6.828360884790402e-5,2005,2023,5.239690885988095e-5,30–39
31,Cancer,9.929187492514417e-5,8.978030052224417e-5,2005,2023,-9.511574402899998e-6,30–39
31,Chronic lower respiratory disease,7.678571660877816e-6,8.008571408087508e-6,2005,2023,3.2999974720969174e-7,30–39
31,Diabetes,1.8534483319360248e-5,2.866225556578687e-5,2005,2023,1.0127772246426623e-5,30–39
31,Drug overdose,1.3027093990178914e-4,5.281442091754552e-4,2005,2023,3.9787326927366606e-4,30–39
31,Heart disease,8.79064066003943e-5,9.062330803888496e-5,2005,2023,2.716901438490658e-6,30–39
31,Homicide,1.0988300825049289e-4,1.3129842071680307e-4,2005,2023,2.1415412466310182e-5,30–39
31,Other causes,2.713977914620607e-4,2.866225556578687e-4,2005,2023,1.5224764195808022e-5,30–39
31,Other unintentional injury,2.1605911983711373e-4,1.8756917245257585e-4,2005,2023,-2.8489947384537876e-5,30–39
31,Stroke,1.7475369986825375e-5,1.3488120266252647e-5,2005,2023,-3.987249720572728e-6,30–39
31,Suicide,1.1253079158183005e-4,1.734487965488426e-4,2005,2023,6.091800496701255e-5,30–39
32,Alcohol-induced,1.753732468330688e-5,8.857478849022688e-5,2005,2023,7.103746380692e-5,30–39
32,Alzheimer disease,2.5416412584502725e-7,0,2005,2023,-2.5416412584502725e-7,30–39
32,Cancer,1.128488718751921e-4,9.609528939977446e-5,2005,2023,-1.6753582475417637e-5,30–39
32,Chronic lower respiratory disease,7.879087901195844e-6,9.19172333389147e-6,2005,2023,1.3126354326956264e-6,30–39
32,Diabetes,2.1603950696827316e-5,2.7575170001674406e-5,2005,2023,5.97121930484709e-6,30–39
32,Drug overdose,1.4614437236089065e-4,5.489965663969723e-4,2005,2023,4.028521940360817e-4,30–39
32,Heart disease,1.0090315796047581e-4,9.943773424846226e-5,2005,2023,-1.465423712013555e-6,30–39
32,Homicide,9.709069607280041e-5,1.1907459773450313e-4,2005,2023,2.1983901661702722e-5,30–39
32,Other causes,2.999136684971322e-4,3.0938505130666515e-4,2005,2023,9.471382809532979e-6,30–39
32,Other unintentional injury,1.9519804864898092e-4,2.061870666034291e-4,2005,2023,1.098901795444819e-5,30–39
32,Stroke,2.033313006760218e-5,1.8174543864739952e-5,2005,2023,-2.1585862028622275e-6,30–39
32,Suicide,1.1894881089547276e-4,1.6691333963134736e-4,2005,2023,4.79645287358746e-5,30–39
33,Alcohol-induced,1.7691437470287582e-5,8.941779718260074e-5,2005,2023,7.172635971231316e-5,30–39
33,Cancer,1.253351133458402e-4,1.0558257058632032e-4,2005,2023,-1.9752542759519874e-5,30–39
33,Chronic lower respiratory disease,7.475255269135597e-6,8.184695394288397e-6,2005,2023,7.094401251527998e-7,30–39
33,Diabetes,2.1678240280493234e-5,3.519419019544011e-5,2005,2023,1.3515949914946874e-5,30–39
33,Drug overdose,1.455183025725063e-4,5.727240602153306e-4,2005,2023,4.272057576428243e-4,30–39
33,Heart disease,1.1536810632032606e-4,1.0149022288917613e-4,2005,2023,-1.3877883431149933e-5,30–39
33,Homicide,9.742749367440062e-5,1.2154272660518269e-4,2005,2023,2.4115232930782066e-5,30–39
33,Other causes,3.08977217790938e-4,3.455987630238276e-4,2005,2023,3.662154523288957e-5,30–39
33,Other unintentional injury,1.9535333770007694e-4,1.8722490714434708e-4,2005,2023,-8.128430555729864e-6,30–39
33,Stroke,1.91864885241147e-5,1.7801712482577264e-5,2005,2023,-1.384776041537437e-6,30–39
33,Suicide,1.183582084279803e-4,1.7433401189834285e-4,2005,2023,5.5975803470362554e-5,30–39
34,Alcohol-induced,2.2375928067231e-5,1.0644782227590206e-4,2005,2023,8.407189420867106e-5,30–39
34,Alzheimer disease,2.3308258403365624e-7,0,2005,2023,-2.3308258403365624e-7,30–39
34,Cancer,1.4148112850842934e-4,1.1935700151810887e-4,2005,2023,-2.2124126990320474e-5,30–39
34,Chronic lower respiratory disease,9.323303361346248e-6,8.888287347093214e-6,2005,2023,-4.350160142530341e-7,30–39
34,Diabetes,2.4240588739500248e-5,3.4495019942290326e-5,2005,2023,1.0254431202790078e-5,30–39
34,Drug overdose,1.5896232231095358e-4,5.504389378521297e-4,2005,2023,3.9147661554117617e-4,30–39
34,Heart disease,1.309924122269148e-4,1.2591740408382052e-4,2005,2023,-5.075008143094273e-6,30–39
34,Homicide,8.717288642858743e-5,1.2845691475441858e-4,2005,2023,4.128402832583115e-5,30–39
34,Other causes,3.319095996639265e-4,3.5912913400040915e-4,2005,2023,2.721953433648265e-5,30–39
34,Other unintentional injury,1.8576681947482404e-4,2.0570036431844297e-4,2005,2023,1.9933544843618925e-5,30–39
34,Stroke,2.027818481092809e-5,2.2643970146166045e-5,2005,2023,2.3657853352379537e-6,30–39
34,Suicide,1.1374430100842424e-4,1.6781933014868854e-4,2005,2023,5.40750291402643e-5,30–39
35,Alcohol-induced,3.349962093130422e-5,1.1830365752169477e-4,2005,2023,8.480403659039056e-5,30–39
35,Cancer,1.6284537952717334e-4,1.3670169467696735e-4,2005,2023,-2.6143684850205988e-5,30–39
35,Chronic lower respiratory disease,8.840177745760837e-6,8.771157248443915e-6,2005,2023,-6.902049731692142e-8,30–39
35,Diabetes,2.3961534416141216e-5,3.166173836023657e-5,2005,2023,7.700203944095357e-6,30–39
35,Drug overdose,1.505156579344016e-4,5.836028530184146e-4,2005,2023,4.33087195084013e-4,30–39
35,Heart disease,1.5214411172967336e-4,1.4354747594404554e-4,2005,2023,-8.596635785627823e-6,30–39
35,Homicide,7.909632719891274e-5,1.1252752957759754e-4,2005,2023,3.34312023786848e-5,30–39
35,Other causes,3.4616274962347696e-4,3.6817467377004825e-4,2005,2023,2.2011924146571283e-5,30–39
35,Other unintentional injury,1.8564373266097755e-4,1.9189580614278515e-4,2005,2023,6.252073481807601e-6,30–39
35,Stroke,2.3496261903206435e-5,2.567167975154317e-5,2005,2023,2.1754178483367336e-6,30–39
35,Suicide,1.2166876213244521e-4,1.758510062980707e-4,2005,2023,5.418224416562548e-5,30–39
36,Alcohol-induced,3.697176069359606e-5,1.2551532553079766e-4,2005,2023,8.85435648372016e-5,30–39
36,Cancer,1.8221796341843775e-4,1.5778433652719064e-4,2005,2023,-2.4433626891247112e-5,30–39
36,Chronic lower respiratory disease,9.843131093749602e-6,1.0904700267746606e-5,2005,2023,1.0615691739970035e-6,30–39
36,Diabetes,3.313053880335232e-5,4.4286435781256616e-5,2005,2023,1.1155896977904296e-5,30–39
36,Drug overdose,1.5917063207697527e-4,5.955301615610186e-4,2005,2023,4.3635952948404335e-4,30–39
36,Heart disease,1.6277177759907877e-4,1.6045487536827147e-4,2005,2023,-2.3169022308073e-6,30–39
36,Homicide,7.346336865091166e-5,1.0904700267746604e-4,2005,2023,3.558363402655438e-5,30–39
36,Other causes,3.810011962385517e-4,3.841125033087885e-4,2005,2023,3.111307070236837e-6,30–39
36,Other unintentional injury,1.9518208729801042e-4,1.913886169441241e-4,2005,2023,-3.793470353886328e-6,30–39
36,Stroke,2.6168324127285525e-5,2.737302312107821e-5,2005,2023,1.2046989937926845e-6,30–39
36,Suicide,1.06593907454264e-4,1.7158212053944145e-4,2005,2023,6.498821308517745e-5,30–39
37,Alcohol-induced,4.6392005141721466e-5,0.00013471136319451107,2005,2023,8.83193580527896e-5,30–39
37,Cancer,1.8749100523597276e-4,1.8026280171060376e-4,2005,2023,-7.228203525368995e-6,30–39
37,Chronic lower respiratory disease,1.2259027265428988e-5,9.714761768834934e-6,2005,2023,-2.5442654965940544e-6,30–39
37,Diabetes,3.533484329447179e-5,3.864316348047673e-5,2005,2023,3.3083201860049436e-6,30–39
37,Drug overdose,1.7258787405054928e-4,6.036105312369438e-4,2005,2023,4.310226571863946e-4,30–39
37,Heart disease,1.9181772074141829e-4,1.8522812439245273e-4,2005,2023,-6.589596348965558e-6,30–39
37,Homicide,7.95634906834705e-5,1.0535119429314326e-4,2005,2023,2.5787703609672766e-5,30–39
37,Other causes,4.1752804627549317e-4,4.1536003651640907e-4,2005,2023,-2.168009759084095e-6,30–39
37,Other unintentional injury,1.8556802056688586e-4,1.8544400798731572e-4,2005,2023,-1.2401257957014465e-7,30–39
37,Stroke,3.725782796355869e-5,3.173488844486078e-5,2005,2023,-5.522939518697906e-6,30–39
37,Suicide,1.0936975305431743e-4,1.7594512981334377e-4,2005,2023,6.657537675902634e-5,30–39
38,Alcohol-induced,5.0960131198704665e-5,1.4956095503439553e-4,2005,2023,9.860082383569087e-5,30–39
38,Alzheimer disease,4.853345828448063e-7,0,2005,2023,-4.853345828448063e-7,30–39
38,Cancer,2.4193928954813594e-4,1.944734903479788e-4,2005,2023,-4.746579920015715e-5,30–39
38,Chronic lower respiratory disease,1.2376031862542562e-5,1.1283444832476586e-5,2005,2023,-1.0925870300659763e-6,30–39
38,Diabetes,3.664276100478288e-5,5.1992343835921526e-5,2005,2023,1.534958283113865e-5,30–39
38,Drug overdose,1.8855248543520726e-4,6.044386525946281e-4,2005,2023,4.158861671594208e-4,30–39
38,Heart disease,2.1112054353749073e-4,2.0177454288664013e-4,2005,2023,-9.346000650850604e-6,30–39
38,Homicide,6.84321761811177e-5,9.756861119847402e-5,2005,2023,2.9136435017356325e-5,30–39
38,Other causes,4.6592119953101405e-4,4.53107745429648e-4,2005,2023,-1.2813454101366075e-5,30–39
38,Other unintentional injury,1.9097915834943128e-4,1.7788018912374853e-4,2005,2023,-1.3098969225682747e-5,30–39
38,Stroke,3.2760084342024424e-5,4.115138703609108e-5,2005,2023,8.391302694066658e-6,30–39
38,Suicide,1.1769363633986554e-4,1.869511937929944e-4,2005,2023,6.925755745312887e-5,30–39
39,Alcohol-induced,6.675392999793594e-5,1.5866216541326862e-4,2005,2023,9.190823541533268e-5,30–39
39,Alzheimer disease,2.3504904928850685e-7,0,2005,2023,-2.3504904928850685e-7,30–39
39,Cancer,2.7312699527324495e-4,2.1804714732509203e-4,2005,2023,-5.5079847948152915e-5,30–39
39,Chronic lower respiratory disease,1.8803923943080545e-5,1.4279594887194176e-5,2005,2023,-4.524329055886369e-6,30–39
39,Diabetes,5.288603608991404e-5,5.825168073030005e-5,2005,2023,5.365644640386014e-6,30–39
39,Drug overdose,1.751115417199376e-4,6.405418277969959e-4,2005,2023,4.654302860770583e-4,30–39
39,Heart disease,2.5361792418229887e-4,2.2824685795880216e-4,2005,2023,-2.537106622349671e-5,30–39
39,Homicide,7.756618626520725e-5,1.017704461007966e-4,2005,2023,2.4204259835589352e-5,30–39
39,Other causes,5.13817221744676e-4,4.612535808800023e-4,2005,2023,-5.256364086467366e-5,30–39
39,Other unintentional injury,1.831032093957468e-4,1.9107457920483634e-4,2005,2023,7.971369809089529e-6,30–39
39,Stroke,4.583456461125884e-5,4.351876537049654e-5,2005,2023,-2.315799240762298e-6,30–39
39,Suicide,1.241058980243316e-4,1.7271510006415812e-4,2005,2023,4.8609202039826514e-5,30–39
40,Alcohol-induced,7.683611254968877e-5,1.6882323705687808e-4,2005,2023,9.19871245071893e-5,40–49
40,Alzheimer disease,2.266551992616188e-7,2.212624338884379e-7,2005,2023,-5.392765373180901e-9,40–49
40,Cancer,3.195838309588825e-4,2.650723957983486e-4,2005,2023,-5.451143516053389e-5,40–49
40,Chronic lower respiratory disease,2.3118830324685115e-5,1.1726908996087208e-5,2005,2023,-1.1391921328597907e-5,40–49
40,Diabetes,4.7824247044201564e-5,6.19534814887626e-5,2005,2023,1.4129234444561041e-5,40–49
40,Drug overdose,2.0466964493324175e-4,6.086929556270926e-4,2005,2023,4.0402331069385085e-4,40–49
40,Heart disease,2.8649217186668615e-4,2.6020462225280293e-4,2005,2023,-2.6287549613883215e-5,40–49
40,Homicide,7.162304296667154e-5,1.0266576932423518e-4,2005,2023,3.104272635756365e-5,40–49
40,Other causes,5.605183077739831e-4,5.239494434478209e-4,2005,2023,-3.6568864326162243e-5,40–49
40,Other unintentional injury,1.9129698817680626e-4,1.9006443071016815e-4,2005,2023,-1.2325574666381092e-6,40–49
40,Stroke,5.349062702574203e-5,4.535879894712977e-5,2005,2023,-8.13182807861226e-6,40–49
40,Suicide,1.2420704919536708e-4,1.776737344124156e-4,2005,2023,5.346668521704853e-5,40–49
41,Alcohol-induced,8.307767565523925e-5,1.6820610121210706e-4,2005,2023,8.512842555686781e-5,40–49
41,Alzheimer disease,6.681850588893237e-7,2.273055421785231e-7,2005,2023,-4.408795167108006e-7,40–49
41,Cancer,3.9066553109729125e-4,2.9731564916950817e-4,2005,2023,-9.334988192778309e-5,40–49
41,Chronic lower respiratory disease,2.004555176667971e-5,1.841174891646037e-5,2005,2023,-1.6338028502193429e-6,40–49
41,Diabetes,4.922296600484685e-5,6.091788530384418e-5,2005,2023,1.1694919298997332e-5,40–49
41,Drug overdose,2.1604650237421467e-4,6.319094072562942e-4,2005,2023,4.158629048820795e-4,40–49
41,Heart disease,3.147151627368715e-4,3.068624819410062e-4,2005,2023,-7.852680795865298e-6,40–49
41,Homicide,7.283217141893629e-5,9.865060530547901e-5,2005,2023,2.5818433886542718e-5,40–49
41,Other causes,6.02480194765207e-4,5.605354670122379e-4,2005,2023,-4.194472775296903e-5,40–49
41,Other unintentional injury,1.9845096249012915e-4,1.9230048868303052e-4,2005,2023,-6.150473807098631e-6,40–49
41,Stroke,5.969119859411292e-5,4.500649735134757e-5,2005,2023,-1.468470124276535e-5,40–49
41,Suicide,1.3029608648341812e-4,1.643419069950722e-4,2005,2023,3.404582051165408e-5,40–49
42,Alcohol-induced,9.435898082762757e-5,1.9038735392678285e-4,2005,2023,9.602837309915529e-5,40–49
42,Alzheimer disease,4.3086292615355056e-7,2.2719254645200818e-7,2005,2023,-2.0367037970154238e-7,40–49
42,Cancer,4.4077277345508224e-4,3.289748072625078e-4,2005,2023,-1.1179796619257442e-4,40–49
42,Chronic lower respiratory disease,2.4990049716905932e-5,1.9084173901968687e-5,2005,2023,-5.905875814937245e-6,40–49
42,Diabetes,5.601218039996157e-5,7.042968940012253e-5,2005,2023,1.4417509000160963e-5,40–49
42,Drug overdose,2.0961481357370233e-4,6.234163474643104e-4,2005,2023,4.1380153389060804e-4,40–49
42,Heart disease,3.6968039063974635e-4,3.2624849670508376e-4,2005,2023,-4.343189393466259e-5,40–49
42,Homicide,6.743004794303066e-5,9.133140367370729e-5,2005,2023,2.3901355730676632e-5,40–49
42,Other causes,6.531881960487826e-4,5.82294496556497e-4,2005,2023,-7.089369949228564e-5,40–49
42,Other unintentional injury,2.1219999113062364e-4,1.9175050920549488e-4,2005,2023,-2.0449481925128757e-5,40–49
42,Stroke,6.592202770149324e-5,6.429549064591831e-5,2005,2023,-1.626537055574926e-6,40–49
42,Suicide,1.3529095881221486e-4,1.8129965206870253e-4,2005,2023,4.600869325648767e-5,40–49
43,Alcohol-induced,1.1980300125888121e-4,1.8586568931896273e-4,2005,2023,6.606268806008152e-5,40–49
43,Alzheimer disease,2.1664195526018304e-7,6.808267008020613e-7,2005,2023,4.641847455418783e-7,40–49
43,Cancer,5.010928425168034e-4,3.5561848005227667e-4,2005,2023,-1.454743624645267e-4,40–49
43,Chronic lower respiratory disease,3.141308351272654e-5,2.314810782727008e-5,2005,2023,-8.264975685456457e-6,40–49
43,Diabetes,5.9359895741290154e-5,8.419556866585491e-5,2005,2023,2.483567292456476e-5,40–49
43,Drug overdose,2.250909915153302e-4,6.29537756008306e-4,2005,2023,4.044467644929758e-4,40–49
43,Heart disease,4.3046756510198373e-4,3.585687290890856e-4,2005,2023,-7.18988360128981e-5,40–49
43,Homicide,6.3909376801754e-5,9.304631577628171e-5,2005,2023,2.9136938974527716e-5,40–49
43,Other causes,7.023532189535134e-4,6.154673375250634e-4,2005,2023,-8.688588142844996e-5,40–49
43,Other unintentional injury,1.9974388274988876e-4,1.9244701409338265e-4,2005,2023,-7.296868656506107e-6,40–49
43,Stroke,7.560804238580389e-5,6.717490114580338e-5,2005,2023,-8.433141240000509e-6,40–49
43,Suicide,1.2998517315610984e-4,1.6793725286450844e-4,2005,2023,3.7952079708398605e-5,40–49
44,Alcohol-induced,1.3068420559829113e-4,1.8506300723867785e-4,2005,2023,5.437880164038672e-5,40–49
44,Cancer,5.840827965913705e-4,4.083754231516865e-4,2005,2023,-1.7570737343968406e-4,40–49
44,Chronic lower respiratory disease,3.8233230398177734e-5,2.359095265542552e-5,2005,2023,-1.4642277742752215e-5,40–49
44,Diabetes,6.912222444868291e-5,8.405708373340938e-5,2005,2023,1.4934859284726465e-5,40–49
44,Drug overdose,2.3609559788253254e-4,6.021418886515893e-4,2005,2023,3.660462907690568e-4,40–49
44,Heart disease,4.788874112585313e-4,4.1249811390700353e-4,2005,2023,-6.638929735152776e-5,40–49
44,Homicide,6.0913960295401816e-5,8.772169773813567e-5,2005,2023,2.6807737442733854e-5,40–49
44,Other causes,7.391757876981028e-4,6.225263040528792e-4,2005,2023,-1.1664948364522362e-4,40–49
44,Other unintentional injury,1.9656632577594202e-4,1.9743107950462912e-4,2005,2023,8.647537286871e-7,40–49
44,Stroke,9.029090568609205e-5,7.420843359570747e-5,2005,2023,-1.608247209038458e-5,40–49
44,Suicide,1.4234858097400636e-4,1.7613051060215754e-4,2005,2023,3.3781929628151186e-5,40–49
45,Alcohol-induced,1.3005322780954953e-4,1.9977597367349482e-4,2005,2023,6.97227458639453e-5,40–49
45,Alzheimer disease,6.524409421883755e-7,1.4135092476898218e-6,2005,2023,7.610683055014463e-7,40–49
45,Cancer,6.648373200899547e-4,4.5891933574996214e-4,2005,2023,-2.0591798433999256e-4,40–49
45,Chronic lower respiratory disease,5.328267694538401e-5,2.7327845455336556e-5,2005,2023,-2.595483149004745e-5,40–49
45,Diabetes,7.546566897978877e-5,9.658979859213783e-5,2005,2023,2.112412961234906e-5,40–49
45,Drug overdose,2.3466125887375243e-4,5.778896974305221e-4,2005,2023,3.432284385567697e-4,40–49
45,Heart disease,5.454406276694819e-4,4.5491439288150766e-4,2005,2023,-9.052623478797428e-5,40–49
45,Homicide,6.69839367313399e-5,7.821417837217015e-5,2005,2023,1.1230241640830256e-5,40–49
45,Other causes,7.89018579419809e-4,6.723592321511252e-4,2005,2023,-1.1665934726868372e-4,40–49
45,Other unintentional injury,2.1117338495497091e-4,1.705634492212385e-4,2005,2023,-4.0609935733732405e-5,40–49
45,Stroke,9.63437791298168e-5,8.386821536292944e-5,2005,2023,-1.2475563766887359e-5,40–49
45,Suicide,1.4027480257050075e-4,1.6702967610201394e-4,2005,2023,2.675487353151319e-5,40–49
46,Alcohol-induced,1.5505180590565318e-4,2.1257934738762852e-4,2005,2023,5.752754148197534e-5,40–49
46,Alzheimer disease,8.834860735364854e-7,7.271813479622413e-7,2005,2023,-1.5630472557424416e-7,40–49
46,Cancer,7.573684365391522e-4,5.000583736153679e-4,2005,2023,-2.573100629237843e-4,40–49
46,Chronic lower respiratory disease,5.168393530188439e-5,3.3207948223609016e-5,2005,2023,-1.8475987078275374e-5,40–49
46,Diabetes,7.995548965505193e-5,1.1537944054334228e-4,2005,2023,3.542395088829035e-5,40–49
46,Drug overdose,2.2727679241726087e-4,5.562937311911145e-4,2005,2023,3.2901693877385364e-4,40–49
46,Heart disease,6.22415938806454e-4,4.988464047020974e-4,2005,2023,-1.2356953410435658e-4,40–49
46,Homicide,5.610136566956682e-5,8.04747358411547e-5,2005,2023,2.4373370171587873e-5,40–49
46,Other causes,8.600736925877685e-4,7.136072961336127e-4,2005,2023,-1.464663964541558e-4,40–49
46,Other unintentional injury,2.1468711586936597e-4,1.8591603129567967e-4,2005,2023,-2.8771084573686297e-5,40–49
46,Stroke,1.0535571426922589e-4,9.114006227793423e-5,2005,2023,-1.4215651991291656e-5,40–49
46,Suicide,1.303141958466316e-4,1.633734095088502e-4,2005,2023,3.3059213662218584e-5,40–49
47,Alcohol-induced,1.6018387596589403e-4,2.2028909679694118e-4,2005,2023,6.0105220831047155e-5,40–49
47,Alzheimer disease,6.692919608602813e-7,1.5244920193559941e-6,2005,2023,8.552000584957128e-7,40–49
47,Cancer,8.54016542057719e-4,5.716845072584979e-4,2005,2023,-2.8233203479922106e-4,40–49
47,Chronic lower respiratory disease,5.7782205954270955e-5,3.480923444196187e-5,2005,2023,-2.2972971512309087e-5,40–49
47,Diabetes,1.0150928073047601e-4,1.1967262351944554e-4,2005,2023,1.8163342788969527e-5,40–49
47,Drug overdose,2.5031519336174527e-4,5.50087536984288e-4,2005,2023,2.997723436225427e-4,40–49
47,Heart disease,6.621528466111051e-4,5.632998011520399e-4,2005,2023,-9.88530454590652e-5,40–49
47,Homicide,4.729663190079322e-5,7.190520691295773e-5,2005,2023,2.4608575012164503e-5,40–49
47,Other causes,9.309851175566514e-4,7.546235495812172e-4,2005,2023,-1.7636156797543425e-4,40–49
47,Other unintentional injury,2.1082696767098864e-4,1.9310232245175929e-4,2005,2023,-1.7724645219229358e-5,40–49
47,Stroke,1.1400273066653461e-4,1.0112463728394762e-4,2005,2023,-1.287809338258699e-5,40–49
47,Suicide,1.4032821446037231e-4,1.610879900452834e-4,2005,2023,2.0759775584911096e-5,40–49
48,Alcohol-induced,1.6348670060301374e-4,2.3702795649482302e-4,2005,2023,7.354125589180928e-5,40–49
48,Alzheimer disease,8.970463681921193e-7,7.746011650157614e-7,2005,2023,-1.2244520317635782e-7,40–49
48,Cancer,9.681372928713447e-4,6.54796184826657e-4,2005,2023,-3.1334110804468764e-4,40–49
48,Chronic lower respiratory disease,7.490337174404196e-5,4.3119464852544056e-5,2005,2023,-3.17839068914979e-5,40–49
48,Diabetes,1.1527045831268732e-4,1.3581340426609684e-4,2005,2023,2.0542945953409524e-5,40–49
48,Drug overdose,2.2964387025718253e-4,5.32151000365828e-4,2005,2023,3.025071301086455e-4,40–49
48,Heart disease,7.458940551517472e-4,5.961846966737977e-4,2005,2023,-1.497093584779495e-4,40–49
48,Homicide,5.045885821080671e-5,6.40336963079696e-5,2005,2023,1.3574838097162893e-5,40–49
48,Other causes,9.975155614296365e-4,8.458644721972114e-4,2005,2023,-1.516510892324251e-4,40–49
48,Other unintentional injury,2.0295674080346698e-4,1.7557626407023924e-4,2005,2023,-2.7380476733227736e-5,40–49
48,Stroke,1.3164155453219352e-4,1.2109598213079738e-4,2005,2023,-1.054557240139614e-5,40–49
48,Suicide,1.3724809433339423e-4,1.6189164348829412e-4,2005,2023,2.4643549154899886e-5,40–49
49,Alcohol-induced,1.7920549840370052e-4,2.45453324917566e-4,2005,2023,6.62478265138655e-5,40–49
49,Alzheimer disease,1.5878968212986122e-6,2.8301746059677425e-6,2005,2023,1.2422777846691302e-6,40–49
49,Cancer,0.0011017735515781943,7.265830079320821e-4,2005,2023,-3.7519054364611214e-4,40–49
49,Chronic lower respiratory disease,8.778800997750899e-5,4.734110249982405e-5,2005,2023,-4.044690747768494e-5,40–49
49,Diabetes,1.2657806089780367e-4,1.409941530973021e-4,2005,2023,1.4416092199498421e-5,40–49
49,Drug overdose,2.2139818536963507e-4,5.397914839382112e-4,2005,2023,3.1839329856857615e-4,40–49
49,Heart disease,8.325116191665582e-4,6.774408852284605e-4,2005,2023,-1.5507073393809768e-4,40–49
49,Homicide,5.262743750589686e-5,5.943366672532259e-5,2005,2023,6.806229219425723e-6,40–49
49,Other causes,0.001054136646939236,8.94592464086349e-4,2005,2023,-1.5954418285288687e-4,40–49
49,Other unintentional injury,1.9803341785624122e-4,1.8627694679278594e-4,2005,2023,-1.1756471063455279e-5,40–49
49,Stroke,1.4268387151383243e-4,1.2427039406203816e-4,2005,2023,-1.8413477451794275e-5,40–49
49,Suicide,1.2952701213735823e-4,1.7752913437434021e-4,2005,2023,4.800212223698199e-5,40–49
50,Alcohol-induced,1.834265638186698e-4,2.4039674162305415e-4,2005,2023,5.697017780438435e-5,50–59
50,Alzheimer disease,2.3218552382110105e-6,2.8101638234363392e-6,2005,2023,4.883085852253287e-7,50–59
50,Cancer,0.0012563558693959778,8.169912643044922e-4,2005,2023,-4.393646050914855e-4,50–59
50,Chronic lower respiratory disease,8.75339424805551e-5,6.82103400779548e-5,2005,2023,-1.93236024026003e-5,50–59
50,Diabetes,1.3838257219737622e-4,1.72952809860582e-4,2005,2023,3.457023766320578e-5,50–59
50,Drug overdose,2.0943134248663312e-4,5.142599796888501e-4,2005,2023,3.04828637202217e-4,50–59
50,Heart disease,9.292064663320463e-4,7.635981516592017e-4,2005,2023,-1.6560831467284467e-4,50–59
50,Homicide,4.945551657389452e-5,6.182360411559947e-5,2005,2023,1.2368087541704951e-5,50–59
50,Other causes,0.001133529727294615,9.674627635775835e-4,2005,2023,-1.660669637170315e-4,50–59
50,Other unintentional injury,2.02233591248179e-4,1.972224065175322e-4,2005,2023,-5.011184730646819e-6,50–59
50,Stroke,1.564930430554221e-4,1.366761495944038e-4,2005,2023,-1.9816893461018306e-5,50–59
50,Suicide,1.2003991581550924e-4,1.591574601818945e-4,2005,2023,3.9117544366385273e-5,50–59
51,Alcohol-induced,1.8932076102005883e-4,2.4510645876238293e-4,2005,2023,5.5785697742324105e-5,50–59
51,Alzheimer disease,2.659678635019984e-6,2.6694762835507053e-6,2005,2023,9.79764853072145e-9,50–59
51,Cancer,0.0013772299550067115,9.034963821508432e-4,2005,2023,-4.7373357285586826e-4,50–59
51,Chronic lower respiratory disease,1.1484975923949928e-4,7.474533593941975e-5,2005,2023,-4.010442330007954e-5,50–59
51,Diabetes,1.62482185703039e-4,1.8055366863288408e-4,2005,2023,1.8071482929845077e-5,50–59
51,Drug overdose,1.9923410865967879e-4,5.402049279258064e-4,2005,2023,3.409708192661276e-4,50–59
51,Heart disease,0.0010302627876200136,8.60056722627609e-4,2005,2023,-1.7020606499240458e-4,50–59
51,Homicide,4.207128022667974e-5,5.9213837562397466e-5,2005,2023,1.7142557335717724e-5,50–59
51,Other causes,0.0011903270836548527,0.001049346859097568,2005,2023,-1.4098022455728463e-4,50–59
51,Other unintentional injury,2.147086025361587e-4,1.8346582457857575e-4,2005,2023,-3.124277795758294e-5,50–59
51,Stroke,1.8037456924771889e-4,1.4439439897387905e-4,2005,2023,-3.598017027383983e-5,50–59
51,Suicide,1.3080783104961919e-4,1.5701374140520967e-4,2005,2023,2.6205910355590482e-5,50–59
52,Alcohol-induced,2.108787511223296e-4,2.859141873427768e-4,2005,2023,7.503543622044718e-5,50–59
52,Alzheimer disease,3.9233256022758995e-6,3.6981624878613004e-6,2005,2023,-2.2516311441459913e-7,50–59
52,Cancer,0.0015433382087952818,0.0010070558724757303,2005,2023,-5.362823363195515e-4,50–59
52,Chronic lower respiratory disease,1.2554641927282878e-4,8.898703486416254e-5,2005,2023,-3.655938440866625e-5,50–59
52,Diabetes,1.6379884389501877e-4,1.950780712346836e-4,2005,2023,3.127922733966483e-5,50–59
52,Drug overdose,1.8782921320895866e-4,5.228277217213913e-4,2005,2023,3.3499850851243266e-4,50–59
52,Heart disease,0.0011362931775591573,9.176065673005852e-4,2005,2023,-2.1868661025857214e-4,50–59
52,Homicide,3.9478463872901236e-5,5.454789669595418e-5,2005,2023,1.5069432823052946e-5,50–59
52,Other causes,0.001274835612889525,0.0011461992360815119,2005,2023,-1.2863637680801308e-4,50–59
52,Other unintentional injury,2.0425813916848898e-4,1.950780712346836e-4,2005,2023,-9.180067933805381e-6,50–59
52,Stroke,1.8709358965853196e-4,1.5278033777976999e-4,2005,2023,-3.431325187876197e-5,50–59
52,Suicide,1.3069578412581588e-4,1.601766627554926e-4,2005,2023,2.9480878629676714e-5,50–59
53,Alcohol-induced,1.941889957934164e-4,2.8964497628364825e-4,2005,2023,9.545598049023185e-5,50–59
53,Alzheimer disease,1.2860198396914994e-6,3.478522533430523e-6,2005,2023,2.1925026937390236e-6,50–59
53,Cancer,0.0017109207947255708,0.0011295922173560052,2005,2023,-5.813285773695657e-4,50–59
53,Chronic lower respiratory disease,1.5226474901947352e-4,1.036599714962296e-4,2005,2023,-4.860477752324392e-5,50–59
53,Diabetes,1.908453442102185e-4,2.3074199471755804e-4,2005,2023,3.989665050733955e-5,50–59
53,Drug overdose,1.81843205332378e-4,5.352286671438431e-4,2005,2023,3.533854618114651e-4,50–59
53,Heart disease,0.0012168319723160968,0.0010001911791123897,2005,2023,-2.1664079320370708e-4,50–59
53,Homicide,4.218145074188118e-5,5.240973950368656e-5,2005,2023,1.0228288761805379e-5,50–59
53,Other causes,0.0013405470808944189,0.001228382257305432,2005,2023,-1.1216482358898682e-4,50–59
53,Other unintentional injury,2.085924179979612e-4,1.8992733032530658e-4,2005,2023,-1.866508767265463e-5,50–59
53,Stroke,1.995902791201207e-4,1.6882429362249473e-4,2005,2023,-3.076598549762598e-5,50–59
53,Suicide,1.3631810300729894e-4,1.7392612667152616e-4,2005,2023,3.760802366422722e-5,50–59
54,Alcohol-induced,2.0527825520771413e-4,3.123550551757946e-4,2005,2023,1.0707679996808047e-4,50–59
54,Alzheimer disease,4.798712459401109e-6,6.527543722713972e-6,2005,2023,1.7288312633128634e-6,50–59
54,Cancer,0.0018525696044654613,0.0012581236123334635,2005,2023,-5.944459921319977e-4,50–59
54,Chronic lower respiratory disease,1.516926327444017e-4,1.2160572194537514e-4,2005,2023,-3.0086910799026554e-5,50–59
54,Diabetes,2.0927718225721503e-4,2.400685524687028e-4,2005,2023,3.079137021148778e-5,50–59
54,Drug overdose,1.5089284733450155e-4,5.403355637135455e-4,2005,2023,3.89442716379044e-4,50–59
54,Heart disease,0.0013820291883075194,0.0011060560196820897,2005,2023,-2.759731686254297e-4,50–59
54,Homicide,3.3857582352441156e-5,4.883569748104528e-5,2005,2023,1.4978115128604124e-5,50–59
54,Other causes,0.0013964253256857225,0.0013519268332376495,2005,2023,-4.449849244807301e-5,50–59
54,Other unintentional injury,2.0367868438791372e-4,1.87848202686991e-4,2005,2023,-1.583048170092271e-5,50–59
54,Stroke,2.1434248985324953e-4,1.9244165938075267e-4,2005,2023,-2.190083047249686e-5,50–59
54,Suicide,1.375630905028318e-4,1.7044141942642042e-4,2005,2023,3.2878328923588635e-5,50–59
55,Alcohol-induced,2.1342494589413405e-4,3.207602392255561e-4,2005,2023,1.0733529333142205e-4,50–59
55,Alzheimer disease,6.728403086195904e-6,9.984754528421979e-6,2005,2023,3.2563514422260753e-6,50–59
55,Cancer,0.002066427155832486,0.0014180847618991317,2005,2023,-6.483423939333541e-4,50–59
55,Chronic lower respiratory disease,1.8570392517900693e-4,1.4902246133669805e-4,2005,2023,-3.668146384230888e-5,50–59
55,Diabetes,2.3468669964651312e-4,2.553600970643921e-4,2005,2023,2.0673397417878984e-5,50–59
55,Drug overdose,1.4102732868666613e-4,5.459164538414717e-4,2005,2023,4.0488912515480554e-4,50–59
55,Heart disease,0.0014495671608900453,0.0012231324297316923,2005,2023,-2.26434731158353e-4,50–59
55,Homicide,3.364201543097951e-5,4.5680251967530556e-5,2005,2023,1.2038236536551043e-5,50–59
55,Other causes,0.001441762213310058,0.0014542794970646613,2005,2023,1.2517283754603231e-5,50–59
55,Other unintentional injury,2.1019531241275998e-4,2.0368899237980837e-4,2005,2023,-6.506320032951618e-6,50–59
55,Stroke,2.1154099302999918e-4,1.9345461898817587e-4,2005,2023,-1.8086374041823315e-5,50–59
55,Suicide,1.2487916127979596e-4,1.7223701561527914e-4,2005,2023,4.735785433548318e-5,50–59
56,Alcohol-induced,1.916051768071018e-4,3.225459604804323e-4,2005,2023,1.309407836733305e-4,50–59
56,Alzheimer disease,1.1043526040755147e-5,1.3677739264783176e-5,2005,2023,2.634213224028029e-6,50–59
56,Cancer,0.002286838154889372,0.001598057318463576,2005,2023,-6.88780836425796e-4,50–59
56,Chronic lower respiratory disease,2.2335531417427287e-4,1.688579083779596e-4,2005,2023,-5.4497405796313276e-5,50–59
56,Diabetes,2.6697724203525566e-4,2.8524303521284183e-4,2005,2023,1.8265793177586168e-5,50–59
56,Drug overdose,1.1347223006875912e-4,5.660097193935728e-4,2005,2023,4.525374893248137e-4,50–59
56,Heart disease,0.0015507871442730415,0.001361805458435503,2005,2023,-1.889816858375384e-4,50–59
56,Homicide,2.8437079554944503e-5,4.526088265800978e-5,2005,2023,1.682380310306528e-5,50–59
56,Other causes,0.0015035760704488132,0.00153787526569853,2005,2023,3.429919524971679e-5,50–59
56,Other unintentional injury,2.0209652654581918e-4,2.1287536019371636e-4,2005,2023,1.0778833647897185e-5,50–59
56,Stroke,2.418532202925377e-4,2.1561090804667296e-4,2005,2023,-2.624231224586474e-5,50–59
56,Suicide,1.1595702342792905e-4,1.6015389248218848e-4,2005,2023,4.419686905425943e-5,50–59
57,Alcohol-induced,2.0009548430532936e-4,3.2847439918440676e-4,2005,2023,1.283789148790774e-4,50–59
57,Alzheimer disease,1.1786446335793373e-5,2.2106543324773537e-5,2005,2023,1.0320096988980164e-5,50–59
57,Cancer,0.002522299515859782,0.00177092635112588,2005,2023,-7.513731647339019e-4,50–59
57,Chronic lower respiratory disease,2.6450978404745593e-4,2.12174758214946e-4,2005,2023,-5.233502583250994e-5,50–59
57,Diabetes,2.9849860603904616e-4,3.2535064849721054e-4,2005,2023,2.6852042458164378e-5,50–59
57,Drug overdose,1.1073777487582611e-4,5.620348351809271e-4,2005,2023,4.51297060305101e-4,50–59
57,Heart disease,0.001693136721306876,0.0014679225344678428,2005,2023,-2.2521418683903323e-4,50–59
57,Homicide,3.1521891363168326e-5,4.4933952192746205e-5,2005,2023,1.3412060829577879e-5,50–59
57,Other causes,0.00154566909040788,0.0017171017239003444,2005,2023,1.7143263349246444e-4,50–59
57,Other unintentional injury,1.989990706926974e-4,2.1121360415734717e-4,2005,2023,1.2214533464649762e-5,50–59
57,Stroke,2.390181675537633e-4,2.45574861716506e-4,2005,2023,6.556694162742705e-6,50–59
57,Suicide,1.0717443063477231e-4,1.6291561276300496e-4,2005,2023,5.5741182128232655e-5,50–59
58,Alcohol-induced,1.9277512102798544e-4,3.4508654458655487e-4,2005,2023,1.5231142355856943e-4,50–59
58,Alzheimer disease,1.0633988288672465e-5,2.1272458227938316e-5,2005,2023,1.0638469939265852e-5,50–59
58,Cancer,0.0027822876025029187,0.0019707750744949962,2005,2023,-8.115125280079225e-4,50–59
58,Chronic lower respiratory disease,3.07840327638749e-4,2.6259667879154964e-4,2005,2023,-4.524364884719937e-5,50–59
58,Diabetes,3.122029895007685e-4,3.37759364530265e-4,2005,2023,2.5556375029496482e-5,50–59
58,Drug overdose,9.46152291325473e-5,5.561566023370984e-4,2005,2023,4.6154137320455113e-4,50–59
58,Heart disease,0.0018274099874534067,0.001619779513734014,2005,2023,-2.076304737193926e-4,50–59
58,Homicide,2.7811969370374137e-5,5.105389974705195e-5,2005,2023,2.3241930376677812e-5,50–59
58,Other causes,0.0016629921685285475,0.0018949033068153497,2005,2023,2.3191113828680216e-4,50–59
58,Other unintentional injury,2.0068244565289573e-4,2.2406989333428355e-4,2005,2023,2.3387447681387822e-5,50–59
58,Stroke,2.819370228330084e-4,2.711056620827249e-4,2005,2023,-1.0831360750283479e-5,50–59
58,Suicide,1.2242719850292144e-4,1.734887148811858e-4,2005,2023,5.106151637826437e-5,50–59
59,Alcohol-induced,1.7558379537152796e-4,3.743590410126556e-4,2005,2023,1.9877524564112766e-4,50–59
59,Alzheimer disease,1.6460980816080746e-5,2.038124941683419e-5,2005,2023,3.920268600753445e-6,50–59
59,Cancer,0.003108038940336246,0.002231629677526006,2005,2023,-8.7640926281024e-4,50–59
59,Chronic lower respiratory disease,3.7174381676315684e-4,3.2656852513869957e-4,2005,2023,-4.5175291624457276e-5,50–59
59,Diabetes,3.710579425624868e-4,3.6334848098287163e-4,2005,2023,-7.70946157961519e-6,50–59
59,Drug overdose,8.676308638475893e-5,5.242900712054589e-4,2005,2023,4.3752698482069996e-4,50–59
59,Heart disease,0.0020051532256588358,0.0017710602941524885,2005,2023,-2.340929315063473e-4,50–59
59,Homicide,2.1605037321105977e-5,4.966465375136608e-5,2005,2023,2.8059616430260105e-5,50–59
59,Other causes,0.0017705842490296853,0.002070922354538095,2005,2023,3.0033810550840956e-4,50–59
59,Other unintentional injury,1.872436567829185e-4,2.1927413165697478e-4,2005,2023,3.2030474874056287e-5,50–59
59,Stroke,3.1550213230821425e-4,2.9705085356949144e-4,2005,2023,-1.8451278738722808e-5,50–59
59,Suicide,1.210567964182605e-4,1.810885724047452e-4,2005,2023,6.00317759864847e-5,50–59
60,Alcohol-induced,1.753098994197506e-4,3.777865581751699e-4,2005,2023,2.024766587554193e-4,60–69
60,Alzheimer disease,1.7314557967382777e-5,3.307379239264743e-5,2005,2023,1.575923442526465e-5,60–69
60,Cancer,0.0034719295924179007,0.002489618076654988,2005,2023,-9.823115157629124e-4,60–69
60,Chronic lower respiratory disease,4.6063938592391266e-4,4.1179200669155385e-4,2005,2023,-4.8847379232358815e-5,60–69
60,Diabetes,4.050885124452262e-4,4.0154378933045183e-4,2005,2023,-3.54472311477435e-6,60–69
60,Drug overdose,7.466903123433822e-5,4.97271456044382e-4,2005,2023,4.226024248100438e-4,60–69
60,Heart disease,0.0022714535733460283,0.0019508879231043298,2005,2023,-3.2056565024169846e-4,60–69
60,Homicide,2.7414716781689394e-5,4.099286944440808e-5,2005,2023,1.3578152662718687e-5,60–69
60,Other causes,0.0018649221810701866,0.002226891049761282,2005,2023,3.6196886869109524e-4,60–69
60,Other unintentional injury,2.0885685548155476e-4,2.2243289954210067e-4,2005,2023,1.3576044060545909e-5,60–69
60,Stroke,3.30419481210888e-4,3.2724421346246225e-4,2005,2023,-3.175267748425762e-6,60–69
60,Suicide,1.1795542615279516e-4,1.7445260916966845e-4,2005,2023,5.649718301687329e-5,60–69
61,Alcohol-induced,2.0498136879982672e-4,3.6808647082817235e-4,2005,2023,1.6310510202834563e-4,60–69
61,Alzheimer disease,2.252948377799897e-5,3.7251002740359e-5,2005,2023,1.4721518962360028e-5,60–69
61,Cancer,0.0038495870396407094,0.002757505477855075,2005,2023,-0.0010920815617856345,60–69
61,Chronic lower respiratory disease,5.24456835487845e-4,4.577216961721612e-4,2005,2023,-6.673513931568378e-5,60–69
61,Diabetes,4.236281621863086e-4,4.0254364836300445e-4,2005,2023,-2.1084513823304153e-5,60–69
61,Drug overdose,7.497516732678347e-5,4.826333042547763e-4,2005,2023,4.0765813692799285e-4,60–69
61,Heart disease,0.00248230590937592,0.0021458905766118057,2005,2023,-3.3641533276411407e-4,60–69
61,Homicide,2.6592177574031575e-5,3.655254643897727e-5,2005,2023,9.960368864945695e-6,60–69
61,Other causes,0.0020830539099658068,0.002456703630726676,2005,2023,3.7364972076086916e-4,60–69
61,Other unintentional injury,2.0830539099658064e-4,2.3118903575735302e-4,2005,2023,2.288364476077238e-5,60–69
61,Stroke,3.8152388102742526e-4,3.5551425740330123e-4,2005,2023,-2.6009623624124035e-5,60–69
61,Suicide,1.2040347068242074e-4,1.4970246726281772e-4,2005,2023,2.9298996580396985e-5,60–69
62,Alcohol-induced,2.015596086691875e-4,3.8348207813384167e-4,2005,2023,1.8192246946465416e-4,60–69
62,Alzheimer disease,3.7457980372149887e-5,4.512915222456192e-5,2005,2023,7.671171852412036e-6,60–69
62,Cancer,0.004257723768967704,0.003010924463802824,2005,2023,-0.0012467993051648802,60–69
62,Chronic lower respiratory disease,6.271536142308524e-4,5.04752210265485e-4,2005,2023,-1.224014039653674e-4,60–69
62,Diabetes,4.6768964064655715e-4,4.4666289124822834e-4,2005,2023,-2.1026749398328818e-5,60–69
62,Drug overdose,5.7078827233752207e-5,4.6193737353961855e-4,2005,2023,4.0485854630586634e-4,60–69
62,Heart disease,0.0027126712642840736,0.0022944123854067027,2005,2023,-4.1825887887737096e-4,60–69
62,Homicide,2.497198691476659e-5,4.003765812743187e-5,2005,2023,1.5065671212665278e-5,60–69
62,Other causes,0.0022749480079352364,0.002628136680318591,2005,2023,3.5318867238335466e-4,60–69
62,Other unintentional injury,2.0798097673298464e-4,2.2402574027372284e-4,2005,2023,1.60447635407382e-5,60–69
62,Stroke,4.2773446158293066e-4,3.9806226577562316e-4,2005,2023,-2.96721958073075e-5,60–69
62,Suicide,1.0880651441434016e-4,1.5899347476037973e-4,2005,2023,5.018696034603957e-5,60–69
63,Alcohol-induced,1.8663156070418486e-4,3.8201257860467826e-4,2005,2023,1.953810179004934e-4,60–69
63,Alzheimer disease,3.9479753225885255e-5,5.7371852464438865e-5,2005,2023,1.789209923855361e-5,60–69
63,Cancer,0.004595602789647491,0.003298648297792778,2005,2023,-0.0012969544918547135,60–69
63,Chronic lower respiratory disease,7.174149096299755e-4,5.807150920181007e-4,2005,2023,-1.366998176118748e-4,60–69
63,Diabetes,5.204149288866694e-4,4.7296795446293504e-4,2005,2023,-4.7446974423734334e-5,60–69
63,Drug overdose,5.862145175964781e-5,4.1909438568535215e-4,2005,2023,3.604729339257043e-4,60–69
63,Heart disease,0.0029749389804555964,0.0024522968644860757,2005,2023,-5.226421159695207e-4,60–69
63,Homicide,2.592105009780345e-5,4.0813309679986994e-5,2005,2023,1.4892259582183543e-5,60–69
63,Other causes,0.002411056444481841,0.0028396734780772666,2005,2023,4.2861703359542555e-4,60–69
63,Other unintentional injury,2.2212346006886957e-4,2.2972062877021253e-4,2005,2023,7.597168701342963e-6,60–69
63,Stroke,4.841254587497445e-4,4.2305910719712237e-4,2005,2023,-6.106635155262211e-5,60–69
63,Suicide,1.1245747888585497e-4,1.5182551200955164e-4,2005,2023,3.936803312369666e-5,60–69
64,Alcohol-induced,1.9070643048892227e-4,3.527615906915667e-4,2005,2023,1.6205516020264445e-4,60–69
64,Alzheimer disease,6.029059797968171e-5,6.24356797684189e-5,2005,2023,2.1450817887371944e-6,60–69
64,Cancer,0.004896366223158406,0.0035787651368797955,2005,2023,-0.0013176010862786104,60–69
64,Chronic lower respiratory disease,7.84632959522808e-4,6.53173265269613e-4,2005,2023,-1.3145969425319497e-4,60–69
64,Diabetes,5.447533462844999e-4,5.009262615266224e-4,2005,2023,-4.3827084757877555e-5,60–69
64,Drug overdose,4.917318274938579e-5,4.03190408966059e-4,2005,2023,3.540172262166732e-4,60–69
64,Heart disease,0.0032214848594249784,0.0026753688780767498,2005,2023,-5.461159813482286e-4,60–69
64,Homicide,2.9076316756158555e-5,3.481989833238746e-5,2005,2023,5.743581576228906e-6,60–69
64,Other causes,0.0026108822075456488,0.0030386965068829722,2005,2023,4.278142993373235e-4,60–69
64,Other unintentional injury,2.3645887009052474e-4,2.2789023115472897e-4,2005,2023,-8.568638935795768e-6,60–69
64,Stroke,5.165322153152872e-4,4.6634650042411347e-4,2005,2023,-5.018571489117372e-5,60–69
64,Suicide,1.0775340915517581e-4,1.4696398468566293e-4,2005,2023,3.921057553048712e-5,60–69
65,Alcohol-induced,1.8912131698932896e-4,3.455686755868858e-4,2005,2023,1.5644735859755683e-4,60–69
65,Alzheimer disease,5.480475219168203e-5,8.151125539973154e-5,2005,2023,2.6706503208049514e-5,60–69
65,Cancer,0.005246431974152904,0.0038822785955057765,2005,2023,-0.0013641533786471279,60–69
65,Chronic lower respiratory disease,8.979893412391177e-4,7.421428972173162e-4,2005,2023,-1.558464440218015e-4,60–69
65,Diabetes,5.947663270638279e-4,5.403171241167833e-4,2005,2023,-5.444920294704462e-5,60–69
65,Drug overdose,4.357427018518981e-5,3.4800913233538075e-4,2005,2023,3.0443486215019094e-4,60–69
65,Heart disease,0.0033866641538777935,0.0028380071528247845,2005,2023,-5.48657001053009e-4,60–69
65,Homicide,2.8750033936620076e-5,3.001761800648796e-5,2005,2023,1.2675840698678827e-6,60–69
65,Other causes,0.00285793306101214,0.003309991487983709,2005,2023,4.520584269715692e-4,60–69
65,Other unintentional injury,2.2595729797062343e-4,2.1915301601484706e-4,2005,2023,-6.804281955776365e-6,60–69
65,Stroke,5.84434283617855e-4,5.068828666624024e-4,2005,2023,-7.755141695545262e-5,60–69
65,Suicide,1.0017589949791059e-4,1.439869481612024e-4,2005,2023,4.3811048663291825e-5,60–69
66,Alcohol-induced,1.6134441386577182e-4,3.4344575850394477e-4,2005,2023,1.8210134463817295e-4,60–69
66,Alzheimer disease,7.06174101267581e-5,1.0378579855520667e-4,2005,2023,3.316838842844858e-5,60–69
66,Cancer,0.005740587478847388,0.004229647326626684,2005,2023,-0.0015109401522207045,60–69
66,Chronic lower respiratory disease,0.0010508431824822878,8.317905304496998e-4,2005,2023,-2.1905265203258804e-4,60–69
66,Diabetes,6.191884172703823e-4,5.778412214245202e-4,2005,2023,-4.134719584586216e-5,60–69
66,Drug overdose,4.489583690177998e-5,3.2389191239934063e-4,2005,2023,2.789960754975607e-4,60–69
66,Heart disease,0.003589796292271491,0.003058672773362504,2005,2023,-5.311235189089871e-4,60–69
66,Homicide,2.244791845088999e-5,3.3091124177022417e-05,2005,2023,1.0643205726132425e-5,60–69
66,Other causes,0.003101554065964634,0.0036089380579728387,2005,2023,5.073839920082049e-4,60–69
66,Other unintentional injury,2.2401151954117303e-4,2.3514753392459866e-4,2005,2023,1.1136014383425626e-5,60–69
66,Stroke,6.397656758503648e-4,5.439980262434745e-4,2005,2023,-9.576764960689027e-5,60–69
66,Suicide,1.0335395786763933e-4,1.3411932905081053e-4,2005,2023,3.07653711831712e-5,60–69
67,Alcohol-induced,1.6054372346371797e-4,3.2435526096285855e-4,2005,2023,1.6381153749914058e-4,60–69
67,Alzheimer disease,8.626229917453502e-5,1.2002457834819948e-4,2005,2023,3.376227917366446e-5,60–69
67,Cancer,0.006148105756167276,0.0044950123816836635,2005,2023,-0.001653093374483613,60–69
67,Chronic lower respiratory disease,0.0011889820236223412,9.000530196920779e-4,2005,2023,-2.889290039302633e-4,60–69
67,Diabetes,7.107054981990859e-4,6.395182675664457e-4,2005,2023,-7.118723063264016e-5,60–69
67,Drug overdose,3.354644967898585e-5,2.875862435257733e-4,2005,2023,2.5403979384678747e-4,60–69
67,Heart disease,0.003975733521955237,0.00326325029754131,2005,2023,-7.124832244139274e-4,60–69
67,Homicide,1.8210929825735173e-5,2.4162497172941688e-5,2005,2023,5.951567347206515e-6,60–69
67,Other causes,0.0032985744734351364,0.0039715791548828715,2005,2023,6.730046814477351e-4,60–69
67,Other unintentional injury,2.5447378256487836e-4,2.3085690233712767e-4,2005,2023,-2.36168802277507e-5,60–69
67,Stroke,7.317918379973055e-4,6.106283252944503e-4,2005,2023,-1.2116351270285519e-4,60–69
67,Suicide,9.968087904612937e-5,1.4418707552114115e-4,2005,2023,4.450619647501178e-5,60–69
68,Alcohol-induced,1.5217227499417235e-4,3.0226941345976054e-4,2005,2023,1.500971384655882e-4,60–69
68,Alzheimer disease,1.1835621388435629e-4,1.6336683227456483e-4,2005,2023,4.501061839020854e-5,60–69
68,Cancer,0.006644856008078861,0.004803147963879468,2005,2023,-0.0018417080441993925,60–69
68,Chronic lower respiratory disease,0.0013295860390904958,9.921612941799695e-4,2005,2023,-3.374247449105263e-4,60–69
68,Diabetes,7.649602914690213e-4,6.771161051513161e-4,2005,2023,-8.78441863177052e-5,60–69
68,Drug overdose,2.6130592675766973e-5,2.544282113294387e-4,2005,2023,2.2829761865367175e-4,60–69
68,Heart disease,0.004358172966668115,0.003523667631905464,2005,2023,-8.345053347626509e-4,60–69
68,Homicide,1.8445124241717863e-5,2.5279726125681413e-5,2005,2023,6.83460188396355e-6,60–69
68,Other causes,0.0036880001192190325,0.004249984064247623,2005,2023,5.619839450285904e-4,60–69
68,Other unintentional injury,2.3568769864417267e-4,2.3485681045794346e-4,2005,2023,-8.308881862292123e-7,60–69
68,Stroke,8.151720185714755e-4,7.018521812527893e-4,2005,2023,-1.1331983731868614e-4,60–69
68,Suicide,1.1067074545030716e-4,1.353688560278424e-4,2005,2023,2.4698110577535247e-5,60–69
69,Alcohol-induced,1.4155566432941442e-4,2.92488376481373e-4,2005,2023,1.509327121519586e-4,60–69
69,Alzheimer disease,1.5911708133268762e-4,1.963084956904876e-4,2005,2023,3.7191414357799974e-5,60–69
69,Cancer,0.0071139703787804955,0.0051192517195148704,2005,2023,-0.001994718659265625,60–69
69,Chronic lower respiratory disease,0.001435778881055489,0.0010500812204823063,2005,2023,-3.856976605731827e-4,60–69
69,Diabetes,8.801995067701182e-4,7.127465066233651e-4,2005,2023,-1.6745300014675308e-4,60–69
69,Drug overdose,3.1397684945246054e-5,2.1577011379773418e-4,2005,2023,1.843724288524881e-4,60–69
69,Heart disease,0.00490123183636807,0.003759476923934639,2005,2023,-0.001141754912433431,60–69
69,Homicide,2.4479550974259632e-5,2.7641138761016927e-5,2005,2023,3.1615877867572948e-6,60–69
69,Other causes,0.004084359863640058,0.004720993679407157,2005,2023,6.36633815767099e-4,60–69
69,Other unintentional injury,2.479884946522824e-4,2.4764203910380473e-4,2005,2023,-3.464555484776564e-7,60–69
69,Stroke,9.089363709572924e-4,7.606954208006393e-4,2005,2023,-1.4824095015665312e-4,60–69
69,Suicide,1.1547962090031175e-4,1.4046211329577993e-4,2005,2023,2.4982492395468175e-5,60–69
20,COVID-19,0,2.0034062266864055e-6,2005,2023,2.0034062266864055e-6,20–29
21,COVID-19,0,2.238589840411583e-6,2005,2023,2.238589840411583e-6,20–29
22,COVID-19,0,2.2586027469276936e-6,2005,2023,2.2586027469276936e-6,20–29
23,COVID-19,0,3.692178901484995e-6,2005,2023,3.692178901484995e-6,20–29
24,COVID-19,0,3.4473033920187046e-6,2005,2023,3.4473033920187046e-6,20–29
25,COVID-19,0,3.880537050279602e-6,2005,2023,3.880537050279602e-6,20–29
26,COVID-19,0,4.997264574103548e-6,2005,2023,4.997264574103548e-6,20–29
27,COVID-19,0,4.921592868300138e-6,2005,2023,4.921592868300138e-6,20–29
28,COVID-19,0,2.88047606905876e-6,2005,2023,2.88047606905876e-6,20–29
29,COVID-19,0,6.439645773616499e-6,2005,2023,6.439645773616499e-6,20–29
30,COVID-19,0,5.834052353534544e-6,2005,2023,5.834052353534544e-6,30–39
31,COVID-19,0,6.322556374805927e-6,2005,2023,6.322556374805927e-6,30–39
32,COVID-19,0,4.804764469988723e-6,2005,2023,4.804764469988723e-6,30–39
33,Alzheimer disease,0,2.0461738485720992e-7,2005,2023,2.0461738485720992e-7,30–39
33,COVID-19,0,7.570843239716767e-6,2005,2023,7.570843239716767e-6,30–39
34,COVID-19,0,6.348776676495153e-6,2005,2023,6.348776676495153e-6,30–39
35,COVID-19,0,9.1990185776363e-6,2005,2023,9.1990185776363e-6,30–39
36,COVID-19,0,6.676347102702002e-6,2005,2023,6.676347102702002e-6,30–39
37,Alzheimer disease,0,4.31767189725997e-7,2005,2023,4.31767189725997e-7,30–39
37,COVID-19,0,9.498878173971934e-6,2005,2023,9.498878173971934e-6,30–39
38,COVID-19,0,1.1504688848799655e-5,2005,2023,1.1504688848799655e-5,30–39
39,COVID-19,0,9.066409452186779e-6,2005,2023,9.066409452186779e-6,30–39
40,COVID-19,0,1.0841859260533457e-5,2005,2023,1.0841859260533457e-5,40–49
41,COVID-19,0,1.5684082410318093e-5,2005,2023,1.5684082410318093e-5,40–49
42,COVID-19,0,1.2041204961956435e-5,2005,2023,1.2041204961956435e-5,40–49
43,COVID-19,0,1.4070418483242599e-5,2005,2023,1.4070418483242599e-5,40–49
44,Alzheimer disease,0,6.871151258861801e-7,2005,2023,6.871151258861801e-7,40–49
44,COVID-19,0,1.74069165224499e-5,2005,2023,1.74069165224499e-5,40–49
45,COVID-19,0,2.3794072336112e-5,2005,2023,2.3794072336112e-5,40–49
46,COVID-19,0,1.6725171003131546e-5,2005,2023,1.6725171003131546e-5,40–49
47,COVID-19,0,1.854798623549793e-5,2005,2023,1.854798623549793e-5,40–49
48,COVID-19,0,2.4012636115488605e-5,2005,2023,2.4012636115488605e-5,40–49
49,COVID-19,0,2.7787168858592375e-5,2005,2023,2.7787168858592375e-5,40–49
50,COVID-19,0,2.682429104189233e-5,2005,2023,2.682429104189233e-5,50–59
51,COVID-19,0,2.9364239119057758e-5,2005,2023,2.9364239119057758e-5,50–59
52,COVID-19,0,3.3514597546243034e-5,2005,2023,3.3514597546243034e-5,50–59
53,COVID-19,0,3.733614185882095e-5,2005,2023,3.733614185882095e-5,50–59
54,COVID-19,0,4.085758848661709e-5,2005,2023,4.085758848661709e-5,50–59
55,COVID-19,0,4.89252971892677e-5,2005,2023,4.89252971892677e-5,50–59
56,COVID-19,0,5.719781874363873e-5,2005,2023,5.719781874363873e-5,50–59
57,COVID-19,0,6.103328265752694e-5,2005,2023,6.103328265752694e-5,50–59
58,COVID-19,0,7.090819409312771e-5,2005,2023,7.090819409312771e-5,50–59
59,COVID-19,0,8.29306010753943e-5,2005,2023,8.29306010753943e-5,50–59
60,COVID-19,0,9.013772997151094e-5,2005,2023,9.013772997151094e-5,60–69
61,COVID-19,0,9.452441945366096e-5,2005,2023,9.452441945366096e-5,60–69
62,COVID-19,0,1.1641006958438282e-4,2005,2023,1.1641006958438282e-4,60–69
63,COVID-19,0,1.2220671012750392e-4,2005,2023,1.2220671012750392e-4,60–69
64,COVID-19,0,1.3087479028380114e-4,2005,2023,1.3087479028380114e-4,60–69
65,COVID-19,0,1.5228450110608526e-4,2005,2023,1.5228450110608526e-4,60–69
66,COVID-19,0,1.6319940787304235e-4,2005,2023,1.6319940787304235e-4,60–69
67,COVID-19,0,1.783297345698631e-4,2005,2023,1.783297345698631e-4,60–69
68,COVID-19,0,2.180036597074892e-4,2005,2023,2.180036597074892e-4,60–69
69,COVID-19,0,2.3212915510527481e-4,2005,2023,2.3212915510527481e-4,60–69
