from_year,to_year,age,cause,years_contributed,age_band
2005,2023,30,Alcohol-induced,-0.0023160926204468524,30–39
2005,2023,30,Alzheimer disease,0,30–39
2005,2023,30,COVID-19,-2.851646524462126e-4,30–39
2005,2023,30,Cancer,5.186196140485322e-4,30–39
2005,2023,30,Chronic lower respiratory disease,2.3077599976772945e-05,30–39
2005,2023,30,Diabetes,-4.738250821461065e-4,30–39
2005,2023,30,Drug overdose,-0.0167789755868597,30–39
2005,2023,30,Heart disease,6.527371978890528e-4,30–39
2005,2023,30,Homicide,-9.37093317787685e-4,30–39
2005,2023,30,Other causes,-3.575023111110909e-4,30–39
2005,2023,30,Other unintentional injury,2.0283581685731633e-4,30–39
2005,2023,30,Stroke,5.328046118791008e-5,30–39
2005,2023,30,Suicide,-0.003232029869444375,30–39
2005,2023,31,Alcohol-induced,-0.002508797086555603,30–39
2005,2023,31,Alzheimer disease,0,30–39
2005,2023,31,COVID-19,-3.027279922349635e-4,30–39
2005,2023,31,Cancer,4.5542018911959303e-4,30–39
2005,2023,31,Chronic lower respiratory disease,-1.5800596301573933e-5,30–39
2005,2023,31,Diabetes,-4.8492413112199984e-4,30–39
2005,2023,31,Drug overdose,-0.01905042340140284,30–39
2005,2023,31,Heart disease,-1.3008695689364913e-4,30–39
2005,2023,31,Homicide,-0.0010253834731344114,30–39
2005,2023,31,Other causes,-7.28971324683414e-4,30–39
2005,2023,31,Other unintentional injury,0.0013641166731019894,30–39
2005,2023,31,Stroke,1.9091203457577421e-4,30–39
2005,2023,31,Suicide,-0.002916792549534364,30–39
2005,2023,32,Alcohol-induced,-0.0033304683086399223,30–39
2005,2023,32,Alzheimer disease,1.1916044265092296e-5,30–39
2005,2023,32,COVID-19,-2.2526305058079288e-4,30–39
2005,2023,32,Cancer,7.854626628684969e-4,30–39
2005,2023,32,Chronic lower respiratory disease,-6.154063627406003e-5,30–39
2005,2023,32,Diabetes,-2.799502627652828e-4,30–39
2005,2023,32,Drug overdose,-0.018887026556093645,30–39
2005,2023,32,Heart disease,6.870384963519882e-5,30–39
2005,2023,32,Homicide,-0.0010306771087300604,30–39
2005,2023,32,Other causes,-4.4404935956521285e-4,30–39
2005,2023,32,Other unintentional injury,-5.152010514137828e-4,30–39
2005,2023,32,Stroke,1.0120157121917828e-4,30–39
2005,2023,32,Suicide,-0.0022487337575185506,30–39
2005,2023,33,Alcohol-induced,-0.003291329824470779,30–39
2005,2023,33,Alzheimer disease,-9.389341641963256e-6,30–39
2005,2023,33,COVID-19,-3.4740564348112457e-4,30–39
2005,2023,33,Cancer,9.063910863247315e-4,30–39
2005,2023,33,Chronic lower respiratory disease,-3.2554300155140936e-5,30–39
2005,2023,33,Diabetes,-6.202106065629209e-4,30–39
2005,2023,33,Drug overdose,-0.01960332375791296,30–39
2005,2023,33,Heart disease,6.368187624019583e-4,30–39
2005,2023,33,Homicide,-0.0011065832099603767,30–39
2005,2023,33,Other causes,-0.0016804642607581854,30–39
2005,2023,33,Other unintentional injury,3.7299182655914365e-4,30–39
2005,2023,33,Stroke,6.354364993654826e-5,30–39
2005,2023,33,Suicide,-0.002568579141033922,30–39
2005,2023,34,Alcohol-induced,-0.00377422442876707,30–39
2005,2023,34,Alzheimer disease,1.0463734383847623e-5,30–39
2005,2023,34,COVID-19,-2.8501448969109333e-4,30–39
2005,2023,34,Cancer,9.932144546382915e-4,30–39
2005,2023,34,Chronic lower respiratory disease,1.9529095780512762e-5,30–39
2005,2023,34,Diabetes,-4.603503358140415e-4,30–39
2005,2023,34,Drug overdose,-0.017574489305552277,30–39
2005,2023,34,Heart disease,2.2783142815541169e-4,30–39
2005,2023,34,Homicide,-0.0018533564598683938,30–39
2005,2023,34,Other causes,-0.0012219616603559302,30–39
2005,2023,34,Other unintentional injury,-8.948730442455144e-4,30–39
2005,2023,34,Stroke,-1.0620677553419e-4,30–39
2005,2023,34,Suicide,-0.0024275805595195266,30–39
2005,2023,35,Alcohol-induced,-0.0037228844984085185,30–39
2005,2023,35,Alzheimer disease,0,30–39
2005,2023,35,COVID-19,-4.0383553710654496e-4,30–39
2005,2023,35,Cancer,0.001147703847266257,30–39
2005,2023,35,Chronic lower respiratory disease,3.029989500191732e-6,30–39
2005,2023,35,Diabetes,-3.3803779923147204e-4,30–39
2005,2023,35,Drug overdose,-0.019012462964489885,30–39
2005,2023,35,Heart disease,3.7739102286593607e-4,30–39
2005,2023,35,Homicide,-0.0014676247747189564,30–39
2005,2023,35,Other causes,-9.663201713294711e-4,30–39
2005,2023,35,Other unintentional injury,-2.744650892978484e-4,30–39
2005,2023,35,Stroke,-9.550051758111522e-5,30–39
2005,2023,35,Suicide,-0.002378592399537638,30–39
2005,2023,36,Alcohol-induced,-0.003799268435294323,30–39
2005,2023,36,Alzheimer disease,0,30–39
2005,2023,36,COVID-19,-2.8647180488405866e-4,30–39
2005,2023,36,Cancer,0.001048409419539098,30–39
2005,2023,36,Chronic lower respiratory disease,-4.555030345443356e-5,30–39
2005,2023,36,Diabetes,-4.786824128331091e-4,30–39
2005,2023,36,Drug overdose,-0.018723517512391652,30–39
2005,2023,36,Heart disease,9.941471797247914e-5,30–39
2005,2023,36,Homicide,-0.0015268391083580468,30–39
2005,2023,36,Other causes,-1.3350140963552803e-4,30–39
2005,2023,36,Other unintentional injury,1.6277198920988667e-4,30–39
2005,2023,36,Stroke,-5.169178449193623e-5,30–39
2005,2023,36,Suicide,-0.0027885444538284787,30–39
2005,2023,37,Alcohol-induced,-0.0037022361901790646,30–39
2005,2023,37,Alzheimer disease,-1.809913661787732e-5,30–39
2005,2023,37,COVID-19,-3.9818100270849754e-4,30–39
2005,2023,37,Cancer,3.029971829064948e-4,30–39
2005,2023,37,Chronic lower respiratory disease,1.0665240335328008e-4,30–39
2005,2023,37,Diabetes,-1.3868061312649616e-4,30–39
2005,2023,37,Drug overdose,-0.01806792661746215,30–39
2005,2023,37,Heart disease,2.762275747798526e-4,30–39
2005,2023,37,Homicide,-0.0010809880378417347,30–39
2005,2023,37,Other causes,9.088023698922143e-5,30–39
2005,2023,37,Other unintentional injury,5.198451113130886e-6,30–39
2005,2023,37,Stroke,2.3151466438520174e-4,30–39
2005,2023,37,Suicide,-0.002790755895873076,30–39
2005,2023,38,Alcohol-induced,-0.004035807771266775,30–39
2005,2023,38,Alzheimer disease,1.98651186309462e-5,30–39
2005,2023,38,COVID-19,-4.708957881049969e-4,30–39
2005,2023,38,Cancer,0.0019428117719400007,30–39
2005,2023,38,Chronic lower respiratory disease,4.472043001157999e-5,30–39
2005,2023,38,Diabetes,-6.2827026442136e-4,30–39
2005,2023,38,Drug overdose,-0.017022541597874863,30–39
2005,2023,38,Heart disease,3.825390150922203e-4,30–39
2005,2023,38,Homicide,-0.0011925767582283697,30–39
2005,2023,38,Other causes,5.244645597315412e-4,30–39
2005,2023,38,Other unintentional injury,5.361509137458143e-4,30–39
2005,2023,38,Stroke,-3.4346249130834394e-4,30–39
2005,2023,38,Suicide,-0.002834765245367521,30–39
2005,2023,39,Alcohol-induced,-0.0036712449152602744,30–39
2005,2023,39,Alzheimer disease,9.3889587162721e-6,30–39
2005,2023,39,COVID-19,-3.621548105812167e-4,30–39
2005,2023,39,Cancer,0.002200146818196913,30–39
2005,2023,39,Chronic lower respiratory disease,1.8072286950143734e-4,30–39
2005,2023,39,Diabetes,-2.143289499798584e-4,30–39
2005,2023,39,Drug overdose,-0.018591463141675035,30–39
2005,2023,39,Heart disease,0.0010134390836498142,30–39
2005,2023,39,Homicide,-9.668313775179627e-4,30–39
2005,2023,39,Other causes,0.002099637734950477,30–39
2005,2023,39,Other unintentional injury,-3.1841380398134334e-4,30–39
2005,2023,39,Stroke,9.2503856215842e-5,30–39
2005,2023,39,Suicide,-0.001941678947417813,30–39
2005,2023,40,Alcohol-induced,-0.003583873271338689,40–49
2005,2023,40,Alzheimer disease,2.1010550455002885e-7,40–49
2005,2023,40,COVID-19,-4.2240530730452974e-4,40–49
2005,2023,40,Cancer,0.0021237980475490303,40–49
2005,2023,40,Chronic lower respiratory disease,4.4383605372644297e-4,40–49
2005,2023,40,Diabetes,-5.504834066343278e-4,40–49
2005,2023,40,Drug overdose,-0.015740989316405773,40–49
2005,2023,40,Heart disease,0.0010241786222522364,40–49
2005,2023,40,Homicide,-0.0012094431460170085,40–49
2005,2023,40,Other causes,0.001424744779363607,40–49
2005,2023,40,Other unintentional injury,4.8021174663404054e-5,40–49
2005,2023,40,Stroke,3.16820875170265e-4,40–49
2005,2023,40,Suicide,-0.002083093966412264,40–49
2005,2023,41,Alcohol-induced,-0.0032330645098284094,40–49
2005,2023,41,Alzheimer disease,1.6744018608960687e-5,40–49
2005,2023,41,COVID-19,-5.956606137402787e-4,40–49
2005,2023,41,Cancer,0.00354530450053403,40–49
2005,2023,41,Chronic lower respiratory disease,6.204966178557925e-5,40–49
2005,2023,41,Diabetes,-4.4415749830051254e-4,40–49
2005,2023,41,Drug overdose,-0.015793920654971316,40–49
2005,2023,41,Heart disease,2.982343846298363e-4,40–49
2005,2023,41,Homicide,-9.805498191113315e-4,40–49
2005,2023,41,Other causes,0.0015930050364190151,40–49
2005,2023,41,Other unintentional injury,2.3358682422980337e-4,40–49
2005,2023,41,Stroke,5.577054445140561e-4,40–49
2005,2023,41,Suicide,-0.0012930150330703327,40–49
2005,2023,42,Alcohol-induced,-0.003552958598703526,40–49
2005,2023,42,Alzheimer disease,7.535610500042367e-6,40–49
2005,2023,42,COVID-19,-4.4551314697116595e-4,40–49
2005,2023,42,Cancer,0.004136418565522604,40–49
2005,2023,42,Chronic lower respiratory disease,2.1851179624832184e-4,40–49
2005,2023,42,Diabetes,-5.334341395197839e-4,40–49
2005,2023,42,Drug overdose,-0.015310263733105955,40–49
2005,2023,42,Heart disease,0.001606938824828319,40–49
2005,2023,42,Homicide,-8.843274611791685e-4,40–49
2005,2023,42,Other causes,0.0026229995478885826,40–49
2005,2023,42,Other unintentional injury,7.566114087609321e-4,40–49
2005,2023,42,Stroke,6.0180326237002646e-5,40–49
2005,2023,42,Suicide,-0.0017022779522406495,40–49
2005,2023,43,Alcohol-induced,-0.0023797022595672956,40–49
2005,2023,43,Alzheimer disease,-1.6720807536785287e-5,40–49
2005,2023,43,COVID-19,-5.068429339800673e-4,40–49
2005,2023,43,Cancer,0.005240260110547013,40–49
2005,2023,43,Chronic lower respiratory disease,2.9771996731398076e-4,40–49
2005,2023,43,Diabetes,-8.94627643951651e-4,40–49
2005,2023,43,Drug overdose,-0.014568933046973598,40–49
2005,2023,43,Heart disease,0.0025899312837793786,40–49
2005,2023,43,Homicide,-0.0010495673361035074,40–49
2005,2023,43,Other causes,0.003129792843921564,40–49
2005,2023,43,Other unintentional injury,2.628469314984727e-4,40–49
2005,2023,43,Stroke,3.037776066321385e-4,40–49
2005,2023,43,Suicide,-0.001367105282447767,40–49
2005,2023,44,Alcohol-induced,-0.0019058307393819973,40–49
2005,2023,44,Alzheimer disease,-2.4081537162601308e-05,40–49
2005,2023,44,COVID-19,-6.10065606032606e-4,40–49
2005,2023,44,Cancer,0.006158070853317099,40–49
2005,2023,44,Chronic lower respiratory disease,5.131724528268933e-4,40–49
2005,2023,44,Diabetes,-5.234266490745654e-4,40–49
2005,2023,44,Drug overdose,-0.012828937966787635,40–49
2005,2023,44,Heart disease,0.0023267663103894165,40–49
2005,2023,44,Homicide,-9.395390948725435e-4,40–49
2005,2023,44,Other causes,0.004088250659108894,40–49
2005,2023,44,Other unintentional injury,-3.0307292263387353e-5,40–49
2005,2023,44,Stroke,5.636473909760298e-4,40–49
2005,2023,44,Suicide,-0.0011839657731442799,40–49
2005,2023,45,Alcohol-induced,-0.0023758370275572815,40–49
2005,2023,45,Alzheimer disease,-2.5933778729836376e-5,40–49
2005,2023,45,COVID-19,-8.107947753543954e-4,40–49
2005,2023,45,Cancer,0.007016757095314574,40–49
2005,2023,45,Chronic lower respiratory disease,8.844237116676368e-4,40–49
2005,2023,45,Diabetes,-7.198151576304213e-4,40–49
2005,2023,45,Drug overdose,-0.011695678691694411,40–49
2005,2023,45,Heart disease,0.003084726194835241,40–49
2005,2023,45,Homicide,-3.8267603455466315e-4,40–49
2005,2023,45,Other causes,0.003975224919400944,40–49
2005,2023,45,Other unintentional injury,0.0013838036323647884,40–49
2005,2023,45,Stroke,4.251110016042503e-4,40–49
2005,2023,45,Suicide,-9.116855398545454e-4,40–49
2005,2023,46,Alcohol-induced,-0.0019045413414247037,40–49
2005,2023,46,Alzheimer disease,5.174718026523806e-6,40–49
2005,2023,46,COVID-19,-5.537135570392593e-4,40–49
2005,2023,46,Cancer,0.008518661492551871,40–49
2005,2023,46,Chronic lower respiratory disease,6.116771256472475e-4,40–49
2005,2023,46,Diabetes,-0.0011727665950758137,40–49
2005,2023,46,Drug overdose,-0.010892632394046586,40–49
2005,2023,46,Heart disease,0.004090967216335173,40–49
2005,2023,46,Homicide,-8.069194326978391e-4,40–49
2005,2023,46,Other causes,0.004849004493706843,40–49
2005,2023,46,Other unintentional injury,9.525128065988042e-4,40–49
2005,2023,46,Stroke,4.706319131599912e-4,40–49
2005,2023,46,Suicide,-0.0010944781837665118,40–49
2005,2023,47,Alcohol-induced,-0.001931830986805494,40–49
2005,2023,47,Alzheimer disease,-2.7486829907275023e-5,40–49
2005,2023,47,COVID-19,-5.961474570597147e-4,40–49
2005,2023,47,Cancer,0.00907438265409155,40–49
2005,2023,47,Chronic lower respiratory disease,7.383701050187597e-4,40–49
2005,2023,47,Diabetes,-5.837847018810294e-4,40–49
2005,2023,47,Drug overdose,-0.009634928452555869,40–49
2005,2023,47,Heart disease,0.003177217780816477,40–49
2005,2023,47,Homicide,-7.909397402414697e-4,40–49
2005,2023,47,Other causes,0.00566840512608735,40–49
2005,2023,47,Other unintentional injury,5.696846029366043e-4,40–49
2005,2023,47,Stroke,4.1391246043076535e-4,40–49
2005,2023,47,Suicide,-6.672361764543666e-4,40–49
2005,2023,48,Alcohol-induced,-0.0022928957699903663,40–49
2005,2023,48,Alzheimer disease,3.817640553904766e-6,40–49
2005,2023,48,COVID-19,-7.486746196718741e-4,40–49
2005,2023,48,Cancer,0.009769461950725145,40–49
2005,2023,48,Chronic lower respiratory disease,9.909700995578419e-4,40–49
2005,2023,48,Diabetes,-6.404953701348859e-4,40–49
2005,2023,48,Drug overdose,-0.00943167628373942,40–49
2005,2023,48,Heart disease,0.004667692312935401,40–49
2005,2023,48,Homicide,-4.232411926494706e-4,40–49
2005,2023,48,Other causes,0.004728232294006318,40–49
2005,2023,48,Other unintentional injury,8.536783677257631e-4,40–49
2005,2023,48,Stroke,3.287936555338433e-4,40–49
2005,2023,48,Suicide,-7.683454533520262e-4,40–49
2005,2023,49,Alcohol-induced,-0.0020019737701986173,40–49
2005,2023,49,Alzheimer disease,-3.7540968193638946e-5,40–49
2005,2023,49,COVID-19,-8.397133328941209e-4,40–49
2005,2023,49,Cancer,0.01133805691102907,40–49
2005,2023,49,Chronic lower respiratory disease,0.0012222838411091175,40–49
2005,2023,49,Diabetes,-4.3564657102024285e-4,40–49
2005,2023,49,Drug overdose,-0.009621674640712286,40–49
2005,2023,49,Heart disease,0.004686154372230078,40–49
2005,2023,49,Homicide,-2.056805950871876e-4,40–49
2005,2023,49,Other causes,0.004821339598116481,40–49
2005,2023,49,Other unintentional injury,3.5527424706316424e-4,40–49
2005,2023,49,Stroke,5.564454084563408e-4,40–49
2005,2023,49,Suicide,-0.001450598377388701,40–49
2005,2023,50,Alcohol-induced,-0.0016671972763688814,50–59
2005,2023,50,Alzheimer disease,-1.4290050721399439e-5,50–59
2005,2023,50,COVID-19,-7.849964082211613e-4,50–59
2005,2023,50,Cancer,0.012857735417362903,50–59
2005,2023,50,Chronic lower respiratory disease,5.654933603977952e-4,50–59
2005,2023,50,Diabetes,-0.001011676780777293,50–59
2005,2023,50,Drug overdose,-0.008920622916633647,50–59
2005,2023,50,Heart disease,0.004846425652928588,50–59
2005,2023,50,Homicide,-3.619444884321865e-4,50–59
2005,2023,50,Other causes,0.004859847735325218,50–59
2005,2023,50,Other unintentional injury,1.4664924444929284e-4,50–59
2005,2023,50,Stroke,5.79929220265285e-4,50–59
2005,2023,50,Suicide,-0.0011447509194795202,50–59
2005,2023,51,Alcohol-induced,-0.0015794831726125835,50–59
2005,2023,51,Alzheimer disease,-2.774045171349826e-7,50–59
2005,2023,51,COVID-19,-8.314016574644256e-4,50–59
2005,2023,51,Cancer,0.013413011523894625,50–59
2005,2023,51,Chronic lower respiratory disease,0.0011354928651599039,50–59
2005,2023,51,Diabetes,-5.116652538532662e-4,50–59
2005,2023,51,Drug overdose,-0.009654045628714414,50–59
2005,2023,51,Heart disease,0.00481911361578824,50–59
2005,2023,51,Homicide,-4.853642053035401e-4,50–59
2005,2023,51,Other causes,0.003991630496699372,50–59
2005,2023,51,Other unintentional injury,8.845894926352571e-4,50–59
2005,2023,51,Stroke,0.001018721209817386,50–59
2005,2023,51,Suicide,-7.41978609347882e-4,50–59
2005,2023,52,Alcohol-induced,-0.0020534816322097527,50–59
2005,2023,52,Alzheimer disease,6.161999337450652e-6,50–59
2005,2023,52,COVID-19,-9.17188117249168e-4,50–59
2005,2023,52,Cancer,0.014676344708448141,50–59
2005,2023,52,Chronic lower respiratory disease,0.0010005142653852772,50–59
2005,2023,52,Diabetes,-8.560131324415465e-4,50–59
2005,2023,52,Drug overdose,-0.00916784547019489,50–59
2005,2023,52,Heart disease,0.0059847581356891055,50–59
2005,2023,52,Homicide,-4.1240252696894686e-4,50–59
2005,2023,52,Other causes,0.0035203691790499647,50–59
2005,2023,52,Other unintentional injury,2.512293100238594e-4,50–59
2005,2023,52,Stroke,9.390447500337018e-4,50–59
2005,2023,52,Suicide,-8.067980386314844e-4,50–59
2005,2023,53,Alcohol-induced,-0.002522419678363974,50–59
2005,2023,53,Alzheimer disease,-5.793677776466666e-5,50–59
2005,2023,53,COVID-19,-9.866057472578404e-4,50–59
2005,2023,53,Cancer,0.015361579605212228,50–59
2005,2023,53,Chronic lower respiratory disease,0.0012843789004648443,50–59
2005,2023,53,Diabetes,-0.0010542670645108387,50–59
2005,2023,53,Drug overdose,-0.00933819377579681,50–59
2005,2023,53,Heart disease,0.005724722506421642,50–59
2005,2023,53,Homicide,-2.7028203703594045e-4,50–59
2005,2023,53,Other causes,0.0029639500505069805,50–59
2005,2023,53,Other unintentional injury,4.932240410653321e-4,50–59
2005,2023,53,Stroke,8.12989682145826e-4,50–59
2005,2023,53,Suicide,-9.937902107566288e-4,50–59
2005,2023,54,Alcohol-induced,-0.0027291858287625814,50–59
2005,2023,54,Alzheimer disease,-4.406465074424659e-5,50–59
2005,2023,54,COVID-19,-0.001041382928143264,50–59
2005,2023,54,Cancer,0.015151308016079668,50–59
2005,2023,54,Chronic lower respiratory disease,7.668586529092636e-4,50–59
2005,2023,54,Diabetes,-7.848139958497313e-4,50–59
2005,2023,54,Drug overdose,-0.009926160876638335,50–59
2005,2023,54,Heart disease,0.007034035955030049,50–59
2005,2023,54,Homicide,-3.81763926093015e-4,50–59
2005,2023,54,Other causes,0.0011341827081920997,50–59
2005,2023,54,Other unintentional injury,4.0348914360777144e-4,50–59
2005,2023,54,Stroke,5.582108933239738e-4,50–59
2005,2023,54,Suicide,-8.380066402438047e-4,50–59
2005,2023,55,Alcohol-induced,-0.0026357964371470644,50–59
2005,2023,55,Alzheimer disease,-7.996511941144036e-5,50–59
2005,2023,55,COVID-19,-0.0012014419489361217,50–59
2005,2023,55,Cancer,0.01592112453504768,50–59
2005,2023,55,Chronic lower respiratory disease,9.007742813338382e-4,50–59
2005,2023,55,Diabetes,-5.076696170931427e-4,50–59
2005,2023,55,Drug overdose,-0.009942725085878124,50–59
2005,2023,55,Heart disease,0.005560480985764116,50–59
2005,2023,55,Homicide,-2.956188965299589e-4,50–59
2005,2023,55,Other causes,-3.0738269688157516e-4,50–59
2005,2023,55,Other unintentional injury,1.597734970104625e-4,50–59
2005,2023,55,Stroke,4.441409604822866e-4,50–59
2005,2023,55,Suicide,-0.0011629507859254318,50–59
2005,2023,56,Alcohol-induced,-0.003094254988212697,50–59
2005,2023,56,Alzheimer disease,-6.224895872719571e-5,50–59
2005,2023,56,COVID-19,-0.0013516387409211461,50–59
2005,2023,56,Cancer,0.01627654485550778,50–59
2005,2023,56,Chronic lower respiratory disease,0.0012878254199293337,50–59
2005,2023,56,Diabetes,-4.316380278552856e-4,50–59
2005,2023,56,Drug overdose,-0.010693890355483404,50–59
2005,2023,56,Heart disease,0.004465816590411009,50–59
2005,2023,56,Homicide,-3.9756243403132885e-4,50–59
2005,2023,56,Other causes,-8.105225354597678e-4,50–59
2005,2023,56,Other unintentional injury,-2.5471406863175616e-4,50–59
2005,2023,56,Stroke,6.201307439610559e-4,50–59
2005,2023,56,Suicide,-0.0010444139609688818,50–59
2005,2023,57,Alcohol-induced,-0.002915661035601147,50–59
2005,2023,57,Alzheimer disease,-2.3438354107696568e-4,50–59
2005,2023,57,COVID-19,-0.0013861494647855466,50–59
2005,2023,57,Cancer,0.01706471395110043,50–59
2005,2023,57,Chronic lower respiratory disease,0.0011886001356842257,50–59
2005,2023,57,Diabetes,-6.098466716935036e-4,50–59
2005,2023,57,Drug overdose,-0.010249574515427184,50–59
2005,2023,57,Heart disease,0.005114922726079385,50–59
2005,2023,57,Homicide,-3.0460627601769374e-4,50–59
2005,2023,57,Other causes,-0.003893469968915042,50–59
2005,2023,57,Other unintentional injury,-2.774087888397503e-4,50–59
2005,2023,57,Stroke,-1.4891150706120015e-4,50–59
2005,2023,57,Suicide,-0.0012659586114480703,50–59
2005,2023,58,Alcohol-induced,-0.0033201416769514935,50–59
2005,2023,58,Alzheimer disease,-2.3190136763417968e-4,50–59
2005,2023,58,COVID-19,-0.001545683474944326,50–59
2005,2023,58,Cancer,0.01768965520012955,50–59
2005,2023,58,Chronic lower respiratory disease,9.862380684637628e-4,50–59
2005,2023,58,Diabetes,-5.570874716340768e-4,50–59
2005,2023,58,Drug overdose,-0.010060852384391694,50–59
2005,2023,58,Heart disease,0.004526007131588017,50–59
2005,2023,58,Homicide,-5.066363368158022e-4,50–59
2005,2023,58,Other causes,-0.005055286187051422,50–59
2005,2023,58,Other unintentional injury,-5.098083776076123e-4,50–59
2005,2023,58,Stroke,2.361060738635956e-4,50–59
2005,2023,58,Suicide,-0.001113058132084177,50–59
2005,2023,59,Alcohol-induced,-0.004152910597696291,50–59
2005,2023,59,Alzheimer disease,-8.190418765963159e-5,50–59
2005,2023,59,COVID-19,-0.0017326270733164506,50–59
2005,2023,59,Cancer,0.018310375135691004,50–59
2005,2023,59,Chronic lower respiratory disease,9.438245022934666e-4,50–59
2005,2023,59,Diabetes,1.610698786720377e-4,50–59
2005,2023,59,Drug overdose,-0.009141029840648685,50–59
2005,2023,59,Heart disease,0.004890785132310782,50–59
2005,2023,59,Homicide,-5.862353635706086e-4,50–59
2005,2023,59,Other causes,-0.006274812022674325,50–59
2005,2023,59,Other unintentional injury,-6.691964995582111e-4,50–59
2005,2023,59,Stroke,3.854932274904854e-4,50–59
2005,2023,59,Suicide,-0.0012542135106770047,50–59
2005,2023,60,Alcohol-induced,-0.0040483822368670985,60–69
2005,2023,60,Alzheimer disease,-3.1509510826310816e-4,60–69
2005,2023,60,COVID-19,-0.0018022422295871365,60–69
2005,2023,60,Cancer,0.019640646561867925,60–69
2005,2023,60,Chronic lower respiratory disease,9.76669921044504e-4,60–69
2005,2023,60,Diabetes,7.087431291807889e-5,60–69
2005,2023,60,Drug overdose,-0.008449646297194136,60–69
2005,2023,60,Heart disease,0.006409490813261698,60–69
2005,2023,60,Homicide,-2.7148587072645114e-4,60–69
2005,2023,60,Other causes,-0.0072373198339974465,60–69
2005,2023,60,Other unintentional injury,-2.7144371080822793e-4,60–69
2005,2023,60,Stroke,6.348730572369732e-5,60–69
2005,2023,60,Suicide,-0.0011296225134032056,60–69
2005,2023,61,Alcohol-induced,-0.003116039553020755,60–69
2005,2023,61,Alzheimer disease,-2.812470902924247e-4,60–69
2005,2023,61,COVID-19,-0.001805840688270166,60–69
2005,2023,61,Cancer,0.0208636596852827,60–69
2005,2023,61,Chronic lower respiratory disease,0.0012749407045191674,60–69
2005,2023,61,Diabetes,4.0280885288979107e-4,60–69
2005,2023,61,Drug overdose,-0.007788100206049364,60–69
2005,2023,61,Heart disease,0.006427042870129185,60–69
2005,2023,61,Homicide,-1.9028775322738056e-4,60–69
2005,2023,61,Other causes,-0.00713838680933776,60–69
2005,2023,61,Other unintentional injury,-4.3718032918604877e-4,60–69
2005,2023,61,Stroke,4.969005565058637e-4,60–69
2005,2023,61,Suicide,-5.59742344478309e-4,60–69
2005,2023,62,Alcohol-induced,-0.00331529756558524,60–69
2005,2023,62,Alzheimer disease,-1.3979701068222994e-4,60–69
2005,2023,62,COVID-19,-0.002121420303105026,60–69
2005,2023,62,Cancer,0.02272127634065413,60–69
2005,2023,62,Chronic lower respiratory disease,0.0022306044863995567,60–69
2005,2023,62,Diabetes,3.831848332822574e-4,60–69
2005,2023,62,Drug overdose,-0.007378014144592271,60–69
2005,2023,62,Heart disease,0.0076222175686737614,60–69
2005,2023,62,Homicide,-2.74552028812991e-4,60–69
2005,2023,62,Other causes,-0.006436398698916435,60–69
2005,2023,62,Other unintentional injury,-2.923946979862535e-4,60–69
2005,2023,62,Stroke,5.407367149459219e-4,60–69
2005,2023,62,Suicide,-9.145912977857051e-4,60–69
2005,2023,63,Alcohol-induced,-0.003390361661040231,60–69
2005,2023,63,Alzheimer disease,-3.104738013064434e-4,60–69
2005,2023,63,COVID-19,-0.0021205997861812875,60–69
2005,2023,63,Cancer,0.022505486115086626,60–69
2005,2023,63,Chronic lower respiratory disease,0.0023720923644958702,60–69
2005,2023,63,Diabetes,8.233266706838549e-4,60–69
2005,2023,63,Drug overdose,-0.006255129736530307,60–69
2005,2023,63,Heart disease,0.009069180883017225,60–69
2005,2023,63,Homicide,-2.58418890624057e-4,60–69
2005,2023,63,Other causes,-0.007437604602550607,60–69
2005,2023,63,Other unintentional injury,-1.3183035774488872e-4,60–69
2005,2023,63,Stroke,0.0010596577871950785,60–69
2005,2023,63,Suicide,-6.831363230688225e-4,60–69
2005,2023,64,Alcohol-induced,-0.002672574257239546,60–69
2005,2023,64,Alzheimer disease,-3.537616686344336e-5,60–69
2005,2023,64,COVID-19,-0.0021583551860899775,60–69
2005,2023,64,Cancer,0.021729556407656503,60–69
2005,2023,64,Chronic lower respiratory disease,0.0021680012799336623,60–69
2005,2023,64,Diabetes,7.227856142932865e-4,60–69
2005,2023,64,Drug overdose,-0.005838365925924904,60–69
2005,2023,64,Heart disease,0.009006411838413442,60–69
2005,2023,64,Homicide,-9.472174943425671e-5,60–69
2005,2023,64,Other causes,-0.007055409293514003,60–69
2005,2023,64,Other unintentional injury,1.413119076190128e-4,60–69
2005,2023,64,Stroke,8.27650594622753e-4,60–69
2005,2023,64,Suicide,-6.466512675658009e-4,60–69
2005,2023,65,Alcohol-induced,-0.0024471289626220027,60–69
2005,2023,65,Alzheimer disease,-4.177396030868863e-4,60–69
2005,2023,65,COVID-19,-0.0023820140943939805,60–69
2005,2023,65,Cancer,0.0213379073463571,60–69
2005,2023,65,Chronic lower respiratory disease,0.002437729535820665,60–69
2005,2023,65,Diabetes,8.516872556683097e-4,60–69
2005,2023,65,Drug overdose,-0.004761929987552094,60–69
2005,2023,65,Heart disease,0.008582020494358744,60–69
2005,2023,65,Homicide,-1.9827382899961776e-5,60–69
2005,2023,65,Other causes,-0.007071038330948909,60–69
2005,2023,65,Other unintentional injury,1.0643168165103134e-4,60–69
2005,2023,65,Stroke,0.001213049041979275,60–69
2005,2023,65,Suicide,-6.852866487463416e-4,60–69
2005,2023,66,Alcohol-induced,-0.0026957447431712467,60–69
2005,2023,66,Alzheimer disease,-4.910096018875265e-4,60–69
2005,2023,66,COVID-19,-0.0024159291452505727,60–69
2005,2023,66,Cancer,0.022367264673619047,60–69
2005,2023,66,Chronic lower respiratory disease,0.0032427549418869717,60–69
2005,2023,66,Diabetes,6.120849139961138e-4,60–69
2005,2023,66,Drug overdose,-0.004130129875854038,60–69
2005,2023,66,Heart disease,0.007862508851765426,60–69
2005,2023,66,Homicide,-1.575571334626602e-4,60–69
2005,2023,66,Other causes,-0.007511079788990571,60–69
2005,2023,66,Other unintentional injury,-1.648524466162371e-4,60–69
2005,2023,66,Stroke,0.0014177003388553544,60–69
2005,2023,66,Suicide,-4.554364375763953e-4,60–69
2005,2023,67,Alcohol-induced,-0.0022896784959272054,60–69
2005,2023,67,Alzheimer disease,-4.719128198118483e-4,60–69
2005,2023,67,COVID-19,-0.002492606837556366,60–69
2005,2023,67,Cancer,0.023106140199679714,60–69
2005,2023,67,Chronic lower respiratory disease,0.004038509968914639,60–69
2005,2023,67,Diabetes,9.950207031295122e-4,60–69
2005,2023,67,Drug overdose,-0.0035508454533967893,60–69
2005,2023,67,Heart disease,0.00995874614599046,60–69
2005,2023,67,Homicide,-8.318813189589491e-5,60–69
2005,2023,67,Other causes,-0.009406934153716406,60–69
2005,2023,67,Other unintentional injury,3.301053370989848e-4,60–69
2005,2023,67,Stroke,0.0016935650186269413,60–69
2005,2023,67,Suicide,-6.220861030783453e-4,60–69
2005,2023,68,Alcohol-induced,-0.001975965051435935,60–69
2005,2023,68,Alzheimer disease,-5.925456663149475e-4,60–69
2005,2023,68,COVID-19,-0.0028699255500939103,60–69
2005,2023,68,Cancer,0.02424530386088719,60–69
2005,2023,68,Chronic lower respiratory disease,0.004442053394853929,60–69
2005,2023,68,Diabetes,0.0011564313879759425,60–69
2005,2023,68,Drug overdose,-0.003005441145802479,60–69
2005,2023,68,Heart disease,0.010985908150288992,60–69
2005,2023,68,Homicide,-8.997462985149696e-5,60–69
2005,2023,68,Other causes,-0.007398279849049061,60–69
2005,2023,68,Other unintentional injury,1.0938289911166521e-5,60–69
2005,2023,68,Stroke,0.0014918075085716964,60–69
2005,2023,68,Suicide,-3.251401315935709e-4,60–69
2005,2023,69,Alcohol-induced,-0.0018663688065529982,60–69
2005,2023,69,Alzheimer disease,-4.5989298579485194e-4,60–69
2005,2023,69,COVID-19,-0.0028704089923294873,60–69
2005,2023,69,Cancer,0.024665830426400248,60–69
2005,2023,69,Chronic lower respiratory disease,0.0047693708816112235,60–69
2005,2023,69,Diabetes,0.002070651560956094,60–69
2005,2023,69,Drug overdose,-0.0022798699173449677,60–69
2005,2023,69,Heart disease,0.014118448697566066,60–69
2005,2023,69,Homicide,-3.9094830640351574e-5,60–69
2005,2023,69,Other causes,-0.007872339123778715,60–69
2005,2023,69,Other unintentional injury,4.28411971853393e-6,60–69
2005,2023,69,Stroke,0.0018330836389210958,60–69
2005,2023,69,Suicide,-3.089227235264502e-4,60–69
2005,2023,70,Alcohol-induced,-0.0014540043832695915,70–79
2005,2023,70,Alzheimer disease,-4.425285236564491e-4,70–79
2005,2023,70,COVID-19,-0.0032642642178117853,70–79
2005,2023,70,Cancer,0.027090042861622976,70–79
2005,2023,70,Chronic lower respiratory disease,0.006122760959669904,70–79
2005,2023,70,Diabetes,0.0013600101055573077,70–79
2005,2023,70,Drug overdose,-0.0018070576264150873,70–79
2005,2023,70,Heart disease,0.015391621374810427,70–79
2005,2023,70,Homicide,1.3814742423789994e-5,70–79
2005,2023,70,Other causes,-0.00651427124110171,70–79
2005,2023,70,Other unintentional injury,2.826439981831186e-4,70–79
2005,2023,70,Stroke,0.0024779783443307224,70–79
2005,2023,70,Suicide,-2.1494241742203712e-4,70–79
2005,2023,71,Alcohol-induced,-0.001166546858428319,70–79
2005,2023,71,Alzheimer disease,-9.13594982520749e-4,70–79
2005,2023,71,COVID-19,-0.003166893768749901,70–79
2005,2023,71,Cancer,0.027296883969029295,70–79
2005,2023,71,Chronic lower respiratory disease,0.006415806020150683,70–79
2005,2023,71,Diabetes,0.0016831420261382846,70–79
2005,2023,71,Drug overdose,-0.0011965264721069957,70–79
2005,2023,71,Heart disease,0.016675844492631597,70–79
2005,2023,71,Homicide,-2.7812198581500525e-5,70–79
2005,2023,71,Other causes,-0.005015096406197017,70–79
2005,2023,71,Other unintentional injury,1.544287844126302e-4,70–79
2005,2023,71,Stroke,0.0026079415948956353,70–79
2005,2023,71,Suicide,-2.1417954659597171e-4,70–79
2005,2023,72,Alcohol-induced,-8.078746916666546e-4,70–79
2005,2023,72,Alzheimer disease,-9.482041181669842e-4,70–79
2005,2023,72,COVID-19,-0.0034681149862478833,70–79
2005,2023,72,Cancer,0.026687260192936435,70–79
2005,2023,72,Chronic lower respiratory disease,0.007157177741824228,70–79
2005,2023,72,Diabetes,0.001847381690637917,70–79
2005,2023,72,Drug overdose,-9.170564549165761e-4,70–79
2005,2023,72,Heart disease,0.01872389965340915,70–79
2005,2023,72,Homicide,2.018218580701614e-5,70–79
2005,2023,72,Other causes,-0.004406131290693338,70–79
2005,2023,72,Other unintentional injury,3.99565168983429e-4,70–79
2005,2023,72,Stroke,0.002859883789675166,70–79
2005,2023,72,Suicide,-2.841946437897036e-4,70–79
2005,2023,73,Alcohol-induced,-7.021241862332772e-4,70–79
2005,2023,73,Alzheimer disease,-0.0011440965314619689,70–79
2005,2023,73,COVID-19,-0.0035809941839559656,70–79
2005,2023,73,Cancer,0.028331957796545737,70–79
2005,2023,73,Chronic lower respiratory disease,0.007787838690013871,70–79
2005,2023,73,Diabetes,0.0012991806708910758,70–79
2005,2023,73,Drug overdose,-7.656385089447326e-4,70–79
2005,2023,73,Heart disease,0.019132716207508338,70–79
2005,2023,73,Homicide,-2.2480143123004837e-5,70–79
2005,2023,73,Other causes,-0.005007575149939214,70–79
2005,2023,73,Other unintentional injury,5.072989585173104e-4,70–79
2005,2023,73,Stroke,0.0034279628580691224,70–79
2005,2023,73,Suicide,-9.518890676929459e-5,70–79
2005,2023,74,Alcohol-induced,-6.866369936844308e-4,70–79
2005,2023,74,Alzheimer disease,-6.983554932418201e-4,70–79
2005,2023,74,COVID-19,-0.0037601385807519705,70–79
2005,2023,74,Cancer,0.025175825317639067,70–79
2005,2023,74,Chronic lower respiratory disease,0.007812529128969459,70–79
2005,2023,74,Diabetes,0.0022376706468349994,70–79
2005,2023,74,Drug overdose,-5.469529142061447e-4,70–79
2005,2023,74,Heart disease,0.02052077213911474,70–79
2005,2023,74,Homicide,3.1341673462748076e-5,70–79
2005,2023,74,Other causes,-0.003917246802771501,70–79
2005,2023,74,Other unintentional injury,3.318491314345806e-4,70–79
2005,2023,74,Stroke,0.003767500570504012,70–79
2005,2023,74,Suicide,-5.362982265921801e-5,70–79
2005,2023,75,Alcohol-induced,-6.313510348547879e-4,70–79
2005,2023,75,Alzheimer disease,-0.0010460947934447518,70–79
2005,2023,75,COVID-19,-0.003942275136523676,70–79
2005,2023,75,Cancer,0.02368247756908204,70–79
2005,2023,75,Chronic lower respiratory disease,0.007024031119712504,70–79
2005,2023,75,Diabetes,0.002283539420538716,70–79
2005,2023,75,Drug overdose,-4.0425237984464957e-4,70–79
2005,2023,75,Heart disease,0.021915760365487813,70–79
2005,2023,75,Homicide,6.062517516625121e-5,70–79
2005,2023,75,Other causes,-0.005074839359345162,70–79
2005,2023,75,Other unintentional injury,6.570816820428149e-4,70–79
2005,2023,75,Stroke,0.003884419591067001,70–79
2005,2023,75,Suicide,-1.8519086535917495e-4,70–79
2005,2023,76,Alcohol-induced,-2.919878099731932e-4,70–79
2005,2023,76,Alzheimer disease,-8.085870719938271e-4,70–79
2005,2023,76,COVID-19,-0.003932840503956925,70–79
2005,2023,76,Cancer,0.023396360448295184,70–79
2005,2023,76,Chronic lower respiratory disease,0.007686912355133302,70–79
2005,2023,76,Diabetes,0.0016528451794570742,70–79
2005,2023,76,Drug overdose,-2.2284297653385465e-4,70–79
2005,2023,76,Heart disease,0.021731517008078072,70–79
2005,2023,76,Homicide,6.207282375214618e-6,70–79
2005,2023,76,Other causes,-0.0033057719879963088,70–79
2005,2023,76,Other unintentional injury,6.49652051798455e-4,70–79
2005,2023,76,Stroke,0.003954832515191242,70–79
2005,2023,76,Suicide,-1.7829485933162914e-4,70–79
2005,2023,77,Alcohol-induced,-5.208455441447768e-4,70–79
2005,2023,77,Alzheimer disease,-0.0014925443274265149,70–79
2005,2023,77,COVID-19,-0.004225734624824895,70–79
2005,2023,77,Cancer,0.01995032808832775,70–79
2005,2023,77,Chronic lower respiratory disease,0.0074820016913292875,70–79
2005,2023,77,Diabetes,0.001813625201236846,70–79
2005,2023,77,Drug overdose,-2.6847003027796745e-4,70–79
2005,2023,77,Heart disease,0.022551670815232683,70–79
2005,2023,77,Homicide,6.573255573982806e-5,70–79
2005,2023,77,Other causes,-0.005856933877417703,70–79
2005,2023,77,Other unintentional injury,5.597154753402833e-4,70–79
2005,2023,77,Stroke,0.0042340880721454255,70–79
2005,2023,77,Suicide,-1.586019920765125e-4,70–79
2005,2023,78,Alcohol-induced,-3.776868320102267e-4,70–79
2005,2023,78,Alzheimer disease,-0.0010773213579184926,70–79
2005,2023,78,COVID-19,-0.004217832138785127,70–79
2005,2023,78,Cancer,0.01988691381104246,70–79
2005,2023,78,Chronic lower respiratory disease,0.006005950095783419,70–79
2005,2023,78,Diabetes,0.002062125915536228,70–79
2005,2023,78,Drug overdose,-1.7286021131468488e-4,70–79
2005,2023,78,Heart disease,0.024610941085740023,70–79
2005,2023,78,Homicide,8.29703097338097e-6,70–79
2005,2023,78,Other causes,-0.004487556248172098,70–79
2005,2023,78,Other unintentional injury,5.71275907020663e-4,70–79
2005,2023,78,Stroke,0.004396841748885549,70–79
2005,2023,78,Suicide,-9.68135969756645e-5,70–79
2005,2023,79,Alcohol-induced,-3.814213194246463e-4,70–79
2005,2023,79,Alzheimer disease,-0.0012833900229480832,70–79
2005,2023,79,COVID-19,-0.0046592332086135,70–79
2005,2023,79,Cancer,0.017374837288286926,70–79
2005,2023,79,Chronic lower respiratory disease,0.006701064849899296,70–79
2005,2023,79,Diabetes,0.0022126403901694403,70–79
2005,2023,79,Drug overdose,-1.0285594133563336e-4,70–79
2005,2023,79,Heart disease,0.024011079942241054,70–79
2005,2023,79,Homicide,-6.308623568429539e-6,70–79
2005,2023,79,Other causes,-0.005290535782698669,70–79
2005,2023,79,Other unintentional injury,6.049562030767675e-4,70–79
2005,2023,79,Stroke,0.005179640564982435,70–79
2005,2023,79,Suicide,-9.061928422227084e-5,70–79
2005,2023,80,Alcohol-induced,-2.35676426569853e-4,80–89
2005,2023,80,Alzheimer disease,-0.0011814136718157897,80–89
2005,2023,80,COVID-19,-0.004596725398236856,80–89
2005,2023,80,Cancer,0.014259062665097133,80–89
2005,2023,80,Chronic lower respiratory disease,0.005874414387029958,80–89
2005,2023,80,Diabetes,0.0022140418242955207,80–89
2005,2023,80,Drug overdose,-6.93478400464187e-5,80–89
2005,2023,80,Heart disease,0.02598483810631791,80–89
2005,2023,80,Homicide,2.375757460981731e-5,80–89
2005,2023,80,Other causes,-0.003543242468630581,80–89
2005,2023,80,Other unintentional injury,6.512402907716819e-4,80–89
2005,2023,80,Stroke,0.005167473380033982,80–89
2005,2023,80,Suicide,-2.0254361653115893e-4,80–89
2005,2023,81,Alcohol-induced,-1.7648282250348757e-4,80–89
2005,2023,81,Alzheimer disease,-0.0013538576958325166,80–89
2005,2023,81,COVID-19,-0.0045019753381652095,80–89
2005,2023,81,Cancer,0.014441910013744064,80–89
2005,2023,81,Chronic lower respiratory disease,0.004452655569060937,80–89
2005,2023,81,Diabetes,0.0018426839531429096,80–89
2005,2023,81,Drug overdose,-4.508337295305864e-5,80–89
2005,2023,81,Heart disease,0.024286995245674348,80–89
2005,2023,81,Homicide,-3.188501856499215e-5,80–89
2005,2023,81,Other causes,-0.005369788477267434,80–89
2005,2023,81,Other unintentional injury,6.468361694587088e-4,80–89
2005,2023,81,Stroke,0.004755806674388907,80–89
2005,2023,81,Suicide,-1.2568076952135243e-4,80–89
2005,2023,82,Alcohol-induced,-1.583066924126797e-4,80–89
2005,2023,82,Alzheimer disease,-0.002065055278379191,80–89
2005,2023,82,COVID-19,-0.004491079730001957,80–89
2005,2023,82,Cancer,0.010758697981337662,80–89
2005,2023,82,Chronic lower respiratory disease,0.0037722603497201135,80–89
2005,2023,82,Diabetes,0.0016611271257502835,80–89
2005,2023,82,Drug overdose,-2.1575265911621955e-5,80–89
2005,2023,82,Heart disease,0.024749659864617968,80–89
2005,2023,82,Homicide,1.8342153715877885e-5,80–89
2005,2023,82,Other causes,-0.004646267072629939,80–89
2005,2023,82,Other unintentional injury,4.935476088192559e-4,80–89
2005,2023,82,Stroke,0.005467039184352984,80–89
2005,2023,82,Suicide,-9.878954330133638e-6,80–89
2005,2023,83,Alcohol-induced,-1.4971995356916068e-4,80–89
2005,2023,83,Alzheimer disease,-0.001248513050875033,80–89
2005,2023,83,COVID-19,-0.004603307082398089,80–89
2005,2023,83,Cancer,0.008931619299310967,80–89
2005,2023,83,Chronic lower respiratory disease,0.003669713656869078,80–89
2005,2023,83,Diabetes,0.0014196987958925433,80–89
2005,2023,83,Drug overdose,-6.531239326079685e-5,80–89
2005,2023,83,Heart disease,0.02439019018110855,80–89
2005,2023,83,Homicide,1.0311368235704776e-5,80–89
2005,2023,83,Other causes,-0.004423487134431525,80–89
2005,2023,83,Other unintentional injury,5.66733317050705e-4,80–89
2005,2023,83,Stroke,0.00511179304159981,80–89
2005,2023,83,Suicide,1.436636129881208e-5,80–89
2005,2023,84,Alcohol-induced,-6.55636111943636e-5,80–89
2005,2023,84,Alzheimer disease,-0.0014960730566500047,80–89
2005,2023,84,COVID-19,-0.004352524452251316,80–89
2005,2023,84,Cancer,0.006789273449015809,80–89
2005,2023,84,Chronic lower respiratory disease,0.003052240029902009,80–89
2005,2023,84,Diabetes,0.001503860190297246,80–89
2005,2023,84,Drug overdose,-2.8921495022871113e-5,80–89
2005,2023,84,Heart disease,0.024465901231991438,80–89
2005,2023,84,Homicide,1.4210014285254147e-5,80–89
2005,2023,84,Other causes,-0.004111709145270481,80–89
2005,2023,84,Other unintentional injury,4.6199261765877964e-4,80–89
2005,2023,84,Stroke,0.0051084421420242165,80–89
2005,2023,84,Suicide,-3.688878422991593e-5,80–89
2005,2023,85,Alcohol-induced,-1.1266714886914997e-4,80–89
2005,2023,85,Alzheimer disease,-6.548430498867219e-4,80–89
2005,2023,85,COVID-19,-0.004205936047696923,80–89
2005,2023,85,Cancer,0.0065105323326903886,80–89
2005,2023,85,Chronic lower respiratory disease,0.0035357044053228037,80–89
2005,2023,85,Diabetes,0.0017570086812028762,80–89
2005,2023,85,Drug overdose,-2.3120040530955066e-5,80–89
2005,2023,85,Heart disease,0.023576322274422523,80–89
2005,2023,85,Homicide,1.403309971692579e-5,80–89
2005,2023,85,Other causes,-0.0026260017270587355,80–89
2005,2023,85,Other unintentional injury,6.570393047624634e-4,80–89
2005,2023,85,Stroke,0.004846591499322983,80–89
2005,2023,85,Suicide,-2.8641083190450445e-5,80–89
2005,2023,86,Alcohol-induced,-5.962347031385207e-5,80–89
2005,2023,86,Alzheimer disease,-0.0011640726764170495,80–89
2005,2023,86,COVID-19,-0.004222388820409151,80–89
2005,2023,86,Cancer,0.005098491068920907,80–89
2005,2023,86,Chronic lower respiratory disease,0.0030989148999225336,80–89
2005,2023,86,Diabetes,0.0010163145058896816,80–89
2005,2023,86,Drug overdose,-6.551007153632327e-6,80–89
2005,2023,86,Heart disease,0.02411762046578758,80–89
2005,2023,86,Homicide,7.982824492103191e-6,80–89
2005,2023,86,Other causes,-0.003786502969035155,80–89
2005,2023,86,Other unintentional injury,6.173687134563011e-4,80–89
2005,2023,86,Stroke,0.0047785793356212025,80–89
2005,2023,86,Suicide,-6.888500287516308e-5,80–89
2005,2023,87,Alcohol-induced,-6.768678819213392e-5,80–89
2005,2023,87,Alzheimer disease,-0.0015377308830508696,80–89
2005,2023,87,COVID-19,-0.003944297705970712,80–89
2005,2023,87,Cancer,0.003737444886752428,80–89
2005,2023,87,Chronic lower respiratory disease,0.0028564333110594475,80–89
2005,2023,87,Diabetes,0.0011951125504978677,80–89
2005,2023,87,Drug overdose,1.4343666776994723e-5,80–89
2005,2023,87,Heart disease,0.022198885713166305,80–89
2005,2023,87,Homicide,1.5147016362959675e-5,80–89
2005,2023,87,Other causes,-0.003567790530873083,80–89
2005,2023,87,Other unintentional injury,5.284428893830295e-4,80–89
2005,2023,87,Stroke,0.004176667870183337,80–89
2005,2023,87,Suicide,-6.823760653418276e-5,80–89
2005,2023,88,Alcohol-induced,-4.781296898670462e-5,80–89
2005,2023,88,Alzheimer disease,-7.722328368160447e-4,80–89
2005,2023,88,COVID-19,-0.0037946397405050902,80–89
2005,2023,88,Cancer,0.002929051495641488,80–89
2005,2023,88,Chronic lower respiratory disease,0.0022421033442583393,80–89
2005,2023,88,Diabetes,9.970664778151672e-4,80–89
2005,2023,88,Drug overdose,-2.1594337816566167e-5,80–89
2005,2023,88,Heart disease,0.019316508117491082,80–89
2005,2023,88,Homicide,9.974227360487475e-6,80–89
2005,2023,88,Other causes,-0.0028550699605176533,80–89
2005,2023,88,Other unintentional injury,4.144878587979406e-4,80–89
2005,2023,88,Stroke,0.0033458006998330347,80–89
2005,2023,88,Suicide,-8.410643321354883e-5,80–89
2005,2023,89,Alcohol-induced,-1.8311242513391335e-6,80–89
2005,2023,89,Alzheimer disease,-8.410068568522888e-4,80–89
2005,2023,89,COVID-19,-0.0032973428602858235,80–89
2005,2023,89,Cancer,0.0018839542653097396,80–89
2005,2023,89,Chronic lower respiratory disease,0.001270098246202167,80–89
2005,2023,89,Diabetes,6.780073078545001e-4,80–89
2005,2023,89,Drug overdose,1.5906014006361602e-5,80–89
2005,2023,89,Heart disease,0.017264153900526935,80–89
2005,2023,89,Homicide,2.308732555889037e-5,80–89
2005,2023,89,Other causes,-0.003107630291488306,80–89
2005,2023,89,Other unintentional injury,5.347301884839339e-4,80–89
2005,2023,89,Stroke,0.00357434052372696,80–89
2005,2023,89,Suicide,-3.551682368652109e-5,80–89
2005,2023,90,Alcohol-induced,-3.953965636327439e-5,90–99
2005,2023,90,Alzheimer disease,-8.525644946217881e-4,90–99
2005,2023,90,COVID-19,-0.002811336606875159,90–99
2005,2023,90,Cancer,7.865921143732635e-4,90–99
2005,2023,90,Chronic lower respiratory disease,7.771445707760449e-4,90–99
2005,2023,90,Diabetes,4.561592482446031e-4,90–99
2005,2023,90,Drug overdose,1.831183254807911e-6,90–99
2005,2023,90,Heart disease,0.0153464246473618,90–99
2005,2023,90,Homicide,1.4575844474506994e-5,90–99
2005,2023,90,Other causes,-0.0022081491073109305,90–99
2005,2023,90,Other unintentional injury,3.0441689920479575e-4,90–99
2005,2023,90,Stroke,0.0027147672772471765,90–99
2005,2023,90,Suicide,-1.1110715881557098e-5,90–99
2005,2023,91,Alcohol-induced,-2.1745849764442937e-5,90–99
2005,2023,91,Alzheimer disease,-8.020039726446271e-4,90–99
2005,2023,91,COVID-19,-0.002516616927856319,90–99
2005,2023,91,Cancer,8.397990651616283e-4,90–99
2005,2023,91,Chronic lower respiratory disease,7.933523599632508e-4,90–99
2005,2023,91,Diabetes,4.947471225378308e-4,90–99
2005,2023,91,Drug overdose,-2.5959580582934905e-6,90–99
2005,2023,91,Heart disease,0.012715302009887353,90–99
2005,2023,91,Homicide,1.0814780573298322e-5,90–99
2005,2023,91,Other causes,-0.002516651503832179,90–99
2005,2023,91,Other unintentional injury,3.8292771029802e-4,90–99
2005,2023,91,Stroke,0.0019882761375527025,90–99
2005,2023,91,Suicide,-4.71838429092486e-5,90–99
2005,2023,92,Alcohol-induced,-1.8105655001932064e-5,90–99
2005,2023,92,Alzheimer disease,-7.078205699855289e-4,90–99
2005,2023,92,COVID-19,-0.0022053761226814572,90–99
2005,2023,92,Cancer,4.8122851147525125e-5,90–99
2005,2023,92,Chronic lower respiratory disease,5.168115068912016e-4,90–99
2005,2023,92,Diabetes,4.8396911389403385e-4,90–99
2005,2023,92,Drug overdose,-8.48945018105951e-6,90–99
2005,2023,92,Heart disease,0.01071185777847461,90–99
2005,2023,92,Homicide,-2.6080281685381124e-6,90–99
2005,2023,92,Other causes,-0.0020091454507706885,90–99
2005,2023,92,Other unintentional injury,2.773213785829398e-4,90–99
2005,2023,92,Stroke,0.0014768675975531664,90–99
2005,2023,92,Suicide,-2.1165308496051694e-5,90–99
2005,2023,93,Alcohol-induced,-1.029169430211141e-5,90–99
2005,2023,93,Alzheimer disease,-4.7025145418899683e-4,90–99
2005,2023,93,COVID-19,-0.0018924151731809502,90–99
2005,2023,93,Cancer,7.059479858639861e-5,90–99
2005,2023,93,Chronic lower respiratory disease,2.903057232970241e-4,90–99
2005,2023,93,Diabetes,3.243597795759001e-4,90–99
2005,2023,93,Drug overdose,2.2047995145157984e-6,90–99
2005,2023,93,Heart disease,0.008182620585564848,90–99
2005,2023,93,Homicide,4.212440515516391e-6,90–99
2005,2023,93,Other causes,-0.0016533286509812228,90–99
2005,2023,93,Other unintentional injury,2.92947687682954e-4,90–99
2005,2023,93,Stroke,0.0010709012896086278,90–99
2005,2023,93,Suicide,-2.2450202251889095e-5,90–99
2005,2023,94,Alcohol-induced,-4.8257450941946445e-6,90–99
2005,2023,94,Alzheimer disease,-6.485065247971988e-4,90–99
2005,2023,94,COVID-19,-0.001494345802463215,90–99
2005,2023,94,Cancer,-3.5221724530742904e-4,90–99
2005,2023,94,Chronic lower respiratory disease,2.729549175910506e-4,90–99
2005,2023,94,Diabetes,2.1663775741131985e-4,90–99
2005,2023,94,Drug overdose,1.0628011708035956e-5,90–99
2005,2023,94,Heart disease,0.006643901213088554,90–99
2005,2023,94,Homicide,5.314005882439687e-6,90–99
2005,2023,94,Other causes,-0.001483316814884006,90–99
2005,2023,94,Other unintentional injury,1.901780447255419e-4,90–99
2005,2023,94,Stroke,9.290174141582952e-4,90–99
2005,2023,94,Suicide,-1.3744844331142758e-5,90–99
2005,2023,95,Alcohol-induced,-8.187777034152077e-6,90–99
2005,2023,95,Alzheimer disease,-4.1689187390403504e-4,90–99
2005,2023,95,COVID-19,-0.0010764428902803047,90–99
2005,2023,95,Cancer,-3.900274835189066e-5,90–99
2005,2023,95,Chronic lower respiratory disease,1.552092716963216e-4,90–99
2005,2023,95,Diabetes,5.548101459140753e-5,90–99
2005,2023,95,Drug overdose,3.0892112690139584e-6,90–99
2005,2023,95,Heart disease,0.004644179924575553,90–99
2005,2023,95,Homicide,3.757232306611513e-6,90–99
2005,2023,95,Other causes,-0.001024144659403703,90–99
2005,2023,95,Other unintentional injury,1.6905429029634433e-4,90–99
2005,2023,95,Stroke,3.225606475893983e-4,90–99
2005,2023,95,Suicide,-1.3735217727628424e-5,90–99
2005,2023,96,Alcohol-induced,1.5714557051182965e-6,90–99
2005,2023,96,Alzheimer disease,-3.477365287523071e-4,90–99
2005,2023,96,COVID-19,-8.303137538092642e-4,90–99
2005,2023,96,Cancer,-1.2373851693325832e-4,90–99
2005,2023,96,Chronic lower respiratory disease,9.364007497225657e-5,90–99
2005,2023,96,Diabetes,8.310071201123037e-5,90–99
2005,2023,96,Drug overdose,3.7757150366246606e-6,90–99
2005,2023,96,Heart disease,0.003333324596752618,90–99
2005,2023,96,Homicide,-1.891375255524963e-6,90–99
2005,2023,96,Other causes,-7.648526296506475e-4,90–99
2005,2023,96,Other unintentional injury,1.0700321755052755e-4,90–99
2005,2023,96,Stroke,1.2047012095450782e-4,90–99
2005,2023,96,Suicide,-1.1358805039662911e-5,90–99
2005,2023,97,Alcohol-induced,6.947910151211545e-6,90–99
2005,2023,97,Alzheimer disease,-1.9866868807127958e-4,90–99
2005,2023,97,COVID-19,-5.118458324062658e-4,90–99
2005,2023,97,Cancer,3.4874868646284085e-6,90–99
2005,2023,97,Chronic lower respiratory disease,1.0525134342742604e-5,90–99
2005,2023,97,Diabetes,3.050095759249416e-5,90–99
2005,2023,97,Drug overdose,-9.936913372143863e-7,90–99
2005,2023,97,Heart disease,0.0019969459558950575,90–99
2005,2023,97,Homicide,-9.936913443198137e-7,90–99
2005,2023,97,Other causes,-4.702318136438066e-4,90–99
2005,2023,97,Other unintentional injury,3.049879240535347e-5,90–99
2005,2023,97,Stroke,-1.2417338375314557e-5,90–99
2005,2023,97,Suicide,1.13173463489602e-7,90–99
2005,2023,98,Alcohol-induced,9.330003649665741e-7,90–99
2005,2023,98,Alzheimer disease,-1.8246197467419734e-4,90–99
2005,2023,98,COVID-19,-2.902171912637641e-4,90–99
2005,2023,98,Cancer,-6.701585064661231e-6,90–99
2005,2023,98,Chronic lower respiratory disease,3.5193845633330056e-6,90–99
2005,2023,98,Diabetes,3.905807314907861e-5,90–99
2005,2023,98,Drug overdose,-1.1548931055926914e-6,90–99
2005,2023,98,Heart disease,9.330084565490893e-4,90–99
2005,2023,98,Homicide,-1.1094633123320818e-7,90–99
2005,2023,98,Other causes,-2.3669771306344956e-4,90–99
2005,2023,98,Other unintentional injury,3.049418557310446e-5,90–99
2005,2023,98,Stroke,8.567163462203098e-5,90–99
2005,2023,98,Suicide,1.644107932463612e-6,90–99
2005,2023,99,Alcohol-induced,7.127962859954096e-7,90–99
2005,2023,99,Alzheimer disease,-3.09338291586414e-5,90–99
2005,2023,99,COVID-19,-7.569983875299613e-5,90–99
2005,2023,99,Cancer,-4.076257155816165e-6,90–99
2005,2023,99,Chronic lower respiratory disease,-1.4222379498107784e-5,90–99
2005,2023,99,Diabetes,1.4064400104984998e-5,90–99
2005,2023,99,Drug overdose,3.563981536558458e-7,90–99
2005,2023,99,Heart disease,2.785707543964122e-4,90–99
2005,2023,99,Homicide,-1.9816713603404423e-7,90–99
2005,2023,99,Other causes,-7.167008137543007e-5,90–99
2005,2023,99,Other unintentional injury,1.2623085510199417e-5,90–99
2005,2023,99,Stroke,-2.8242388481203307e-5,90–99
2005,2023,99,Suicide,-8.326045559670092e-7,90–99
