year,state,sex,age_min,age_max,centered_age,mortality_at_center,beta,beta_se,beta_ci_low,beta_ci_high,doubling_time,doubling_ci_low,doubling_ci_high,r_squared,rmse_log,n_ages,beta_mean,tau_squared,shrinkage_weight,beta_shrunk,doubling_time_shrunk
2019,AK,Both,40,80,50,0.004150225070456468,0.07685244861750742,0.001398793515873876,0.07402312167394304,0.07968177556107181,9.019194482790265,8.698942458036532,9.363927984733191,0.9872449742112039,0.10335938863149957,41,0.07889749030073692,2.1354201292331876e-5,0.9160637457376704,0.07702410175620804,8.99909463084493
2019,AL,Both,40,80,50,0.005840548752184616,0.07422276286622362,5.25952448542045e-4,0.07315892362418652,0.07528660210826071,9.338741294355321,9.2067799734568,9.474540441855122,0.9980455089710598,0.038863579873391146,41,0.07889749030073692,2.1354201292331876e-5,0.9872114933622925,0.07428254564904936,9.331225451463993
2019,AR,Both,40,80,50,0.005612812800258702,0.07615569323837965,7.232148542634127e-4,0.07469285311942533,0.07761853335733396,9.101711915224545,8.93017621666323,9.279966577949327,0.996495147715259,0.053439656630940094,41,0.07889749030073692,2.1354201292331876e-5,0.9760920618371088,0.07622124395300169,9.093884389860424
2019,AZ,Both,40,80,50,0.004058037210988232,0.07524579007417868,8.850680654617712e-4,0.07345557093455465,0.07703600921380271,9.211773573998332,8.997703640595034,9.436277898888102,0.9946331867705581,0.06539928381512537,41,0.07889749030073692,2.1354201292331876e-5,0.9646146210987756,0.07537500687032914,9.195981656789712
2019,CA,Both,40,80,50,0.0031273077775873436,0.08274878090138313,6.226750732304824e-4,0.0814893016846266,0.08400826011813965,8.376524379084351,8.250940795407285,8.505989942612445,0.9977965340154935,0.04601058995113322,41,0.07889749030073692,2.1354201292331876e-5,0.982166977523479,0.08268010074953819,8.383482534203575
2019,CO,Both,40,80,50,0.0033573725729390603,0.07975745459936254,9.711121467195505e-4,0.07779319487785549,0.08172171432086958,8.690688338058939,8.48179931515379,8.910126157542035,0.9942514667280725,0.07175723696063098,41,0.07889749030073692,2.1354201292331876e-5,0.9577051710597003,0.0797210825564574,8.694653388193364
2019,CT,Both,40,80,50,0.0033250302624159393,0.07998266874472675,0.0010749803237683096,0.07780831580462241,0.08215702168483108,8.666217212283811,8.436858668258216,8.90839460271118,0.9930043990549428,0.07943224485578916,41,0.07889749030073692,2.1354201292331876e-5,0.9486630925884086,0.07992695903942258,8.672257632347335
2019,DC,Both,40,80,50,0.005084605551275479,0.07317823245598691,0.001954571491471845,0.0692247384476241,0.07713172646434972,9.472040486586486,8.986537866234821,10.012998186831505,0.9729301676427995,0.1444268307669964,41,0.07889749030073692,2.1354201292331876e-5,0.8482455669568774,0.07404615518764437,9.361015150663846
2019,DE,Both,40,80,50,0.0044858283186909945,0.07033530362033957,0.0011752141035905304,0.06795820872390787,0.07271239851677128,9.8548971125718,9.532723369042342,10.199609341911543,0.9892291796598441,0.08683870055141538,41,0.07889749030073692,2.1354201292331876e-5,0.9392518947044399,0.0708554402383606,9.782554144440706
2019,FL,Both,40,80,50,0.0041236932971547595,0.0743844423936717,8.245260855954848e-4,0.07271668096700426,0.07605220382033914,9.318442919710792,9.11409723507016,9.532161965346933,0.9952309370912805,0.06092572717184154,41,0.07889749030073692,2.1354201292331876e-5,0.9691457796577948,0.07452368896821122,9.301031526440052
2019,GA,Both,40,80,50,0.004423213815345229,0.08095292508950211,5.951755400029768e-4,0.07974906892891011,0.08215678125009411,8.56234879460621,8.436883359024625,8.69160217002446,0.9978963421978931,0.04397859958958879,41,0.07889749030073692,2.1354201292331876e-5,0.9836821991130511,0.08091938491388292,8.56589779195202
2019,HI,Both,40,80,50,0.0036892081593779096,0.07286761787705799,8.584429406468184e-4,0.07113125313564202,0.07460398261847397,9.512417185496869,9.291021152378844,9.744622089507759,0.9946163856818091,0.06343190507631871,41,0.07889749030073692,2.1354201292331876e-5,0.9666416145318077,0.0730687646856911,9.486230998177568
2019,IA,Both,40,80,50,0.0037809083796721036,0.08335574881023125,7.282584329446765e-4,0.08188270709047385,0.08482879052998865,8.315529408031267,8.171131242463066,8.4651229202043,0.9970319336479114,0.05381233580273666,41,0.07889749030073692,2.1354201292331876e-5,0.9757655486118324,0.08324770536110702,8.326321759299574
2019,ID,Both,40,80,50,0.0033909367767611183,0.08294560993706444,8.79448957021598e-4,0.08116675651706105,0.08472446335706783,8.356646977288799,8.18119292935152,8.539791539092084,0.9956348500899196,0.06498407770611825,41,0.07889749030073692,2.1354201292331876e-5,0.9650468483756729,0.08280411539762247,8.370926701305565
2019,IL,Both,40,80,50,0.003851192004177896,0.08093085956346786,5.644591071229781e-4,0.07978913325275816,0.08207258587417757,8.564683290140557,8.445538460583945,8.687237876919593,0.9981064441050036,0.04170890668110134,41,0.07889749030073692,2.1354201292331876e-5,0.9852989065754839,0.08090096681196991,8.567847924128749
2019,IN,Both,40,80,50,0.004752104734658115,0.07889466710698075,5.337165308918794e-4,0.07781512352607223,0.07997421068788926,8.785729200429243,8.667133749716529,8.907615244325918,0.9982183754839542,0.03943728199300824,41,0.07889749030073692,2.1354201292331876e-5,0.9868361469459531,0.0788947042710885,8.78572506182717
2019,KS,Both,40,80,50,0.00412927555527357,0.08176128133934761,8.731171460635816e-4,0.0799952352158764,0.08352732746281882,8.477694688798477,8.29844796445201,8.664855834093212,0.9955722098670551,0.0645162087160751,41,0.07889749030073692,2.1354201292331876e-5,0.9655310582711529,0.08166256949291414,8.487942332258962
2019,KY,Both,40,80,50,0.005917229602498748,0.07460800182923819,7.034328881424943e-4,0.07318517451353712,0.07603082914493925,9.290520635392587,9.116659496617924,9.471142006114002,0.9965450952053108,0.051977931293366024,41,0.07889749030073692,2.1354201292331876e-5,0.9773528584787907,0.07470514648170581,9.278439481136507
2019,LA,Both,40,80,50,0.005646431134565129,0.07337718844664502,7.369370533728788e-4,0.07188659256014905,0.074867784333141,9.44635785635144,9.258283609351006,9.64223168569263,0.9960816951745389,0.054453614798845994,41,0.07889749030073692,2.1354201292331876e-5,0.9751989159240305,0.07351409791705309,9.428765368814458
2019,MA,Both,40,80,50,0.003311482836218619,0.08059944548346082,0.0010535997521929808,0.0784683388313471,0.08273055213557454,8.599900115965196,8.378370053956024,8.833463163400648,0.9933798600640551,0.07785239566322451,41,0.07889749030073692,2.1354201292331876e-5,0.9505849843553544,0.08051534334148003,8.608883124551598
2019,MD,Both,40,80,50,0.003953578498383125,0.07926397395195213,6.98865281196645e-4,0.07785038549334673,0.08067756241055753,8.744794715694093,8.59157316916208,8.903580581745265,0.996977368846234,0.05164042253594443,41,0.07889749030073692,2.1354201292331876e-5,0.9776394582693939,0.07925577917897554,8.745698897170376
2019,ME,Both,40,80,50,0.0042231493618092,0.07607043496094995,0.0012092009849171777,0.07362459510825847,0.07851627481364143,9.111912938525538,8.828070132022079,9.41461449860245,0.9902417703562132,0.08935005282431963,41,0.07889749030073692,2.1354201292331876e-5,0.9359158739994983,0.07625160433155526,9.090263564108378
2019,MI,Both,40,80,50,0.004254169596090697,0.07958771890807002,6.62423747932524e-4,0.07824784040791019,0.08092759740822986,8.709222855860261,8.565028528691453,8.858355412066734,0.9973055352352247,0.04894769158156844,41,0.07889749030073692,2.1354201292331876e-5,0.9798648607047439,0.0795738210589158,8.710743952420543
2019,MN,Both,40,80,50,0.0030727551017678046,0.08450474011715818,7.818433234231117e-4,0.08292331272597889,0.08608616750833747,8.202465087744894,8.0517834702400215,8.358893992217348,0.9966726806631352,0.05777182049928734,41,0.07889749030073692,2.1354201292331876e-5,0.9721709257099648,0.08434869554545421,8.217639598070832
2019,MO,Both,40,80,50,0.004868767484677691,0.07661013118882032,6.937013832173077e-4,0.07520698769976973,0.0780132746778709,9.047722145933303,8.88499019457982,9.216526306398887,0.9968124956261337,0.051258852753097474,41,0.07889749030073692,2.1354201292331876e-5,0.9779614248255964,0.07666054132455916,9.041772580568603
2019,MS,Both,40,80,50,0.006391021710123769,0.07272603315298366,6.918930701834906e-4,0.07132654732228716,0.07412551898368017,9.53093617937153,9.350992614467252,9.717941027314524,0.9964825134011976,0.05112523322490503,41,0.07889749030073692,2.1354201292331876e-5,0.9780736576011723,0.07286135063550499,9.51323540552346
2019,MT,Both,40,80,50,0.004311569822260866,0.0740199418712172,0.0016710525293596788,0.07063991909317692,0.07739996464925748,9.364330247190818,8.955394019893713,9.81240054431059,0.9805105491455189,0.1234771006911865,41,0.07889749030073692,2.1354201292331876e-5,0.8843557895588994,0.07458400210823724,9.293510149187776
2019,NC,Both,40,80,50,0.004310764965898807,0.07995786489177735,7.110897679603105e-4,0.07851955007479298,0.08139617970876172,8.668905572930408,8.515721291098052,8.82770188952554,0.996924940314104,0.052543712023554734,41,0.07889749030073692,2.1354201292331876e-5,0.9768686125822237,0.07993333695630403,8.67156566901314
2019,ND,Both,40,80,50,0.003978203562695022,0.07832815994703277,0.001120243500364549,0.07606225359061519,0.08059406630345034,8.849271845893824,8.600474108728159,9.112893029578446,0.9920858752757683,0.08277682302791785,41,0.07889749030073692,2.1354201292331876e-5,0.9444939027717493,0.07835976125300047,8.845703068466202
2019,NE,Both,40,80,50,0.0036479667162828276,0.08336489135470782,0.0010425034303808553,0.08125622913196928,0.08547355357744635,8.31461745221601,8.109492954822507,8.53038822948818,0.9939380474735581,0.07703246832902956,41,0.07889749030073692,2.1354201292331876e-5,0.9515702201018067,0.08314853610494705,8.336252362700412
2019,NH,Both,40,80,50,0.0034868102199019256,0.08136202400601154,0.0012466056572246502,0.07884052606227679,0.0838835219497463,8.519296183053793,8.26321027597294,8.79176250057518,0.9909276198467564,0.09211395186859468,41,0.07889749030073692,2.1354201292331876e-5,0.932162988102726,0.0811948374037256,8.536838088774108
2019,NJ,Both,40,80,50,0.003361452951257921,0.08176451336984028,7.136668191305246e-4,0.08032098597485345,0.08320804076482712,8.477359578044283,8.330290849162088,8.629714540318925,0.9970376425559316,0.052734135006219915,41,0.07889749030073692,2.1354201292331876e-5,0.9767045612525073,0.08169772480954633,8.484289889049045
2019,NM,Both,40,80,50,0.005603588830879411,0.062240892604024836,0.0012981398650649225,0.059615156886020274,0.0648666283220294,11.136523779787865,10.685728524671061,11.627029379209567,0.9833179309241756,0.09592190790751833,41,0.07889749030073692,2.1354201292331876e-5,0.926857061361389,0.06345920510728348,10.92272081549269
2019,NV,Both,40,80,50,0.004206939362868743,0.08183083110644919,6.854652933871585e-4,0.08044434668151465,0.08321731553138373,8.470489315430129,8.329362418552648,8.61648094805429,0.9972709293227828,0.050650273145101135,41,0.07889749030073692,2.1354201292331876e-5,0.97847043202939,0.08176767754619164,8.47703152836128
2019,NY,Both,40,80,50,0.0032344785885060094,0.08272933392732533,6.11738372122321e-4,0.08149197627659545,0.08396669157805521,8.37849342735975,8.255025505150426,8.505710773380981,0.9978720967571877,0.04520245728011581,41,0.07889749030073692,2.1354201292331876e-5,0.9827772222920945,0.08266333893633314,8.38518246999197
2019,OH,Both,40,80,50,0.004875810917839259,0.07674486021868139,7.384663652894637e-4,0.07525117100685784,0.07823854943050494,9.031838465596918,8.8594073587168225,9.211114874169558,0.9964019927471628,0.05456661842871078,41,0.07889749030073692,2.1354201292331876e-5,0.9750984392624222,0.07679846406741524,9.025534416306643
2019,OK,Both,40,80,50,0.0056906698682763265,0.07600983731291756,5.377023747686197e-4,0.07492223160179087,0.07709744302404425,9.11917726788961,8.990533970676234,9.251555456116138,0.9980521202992341,0.039731803222628835,41,0.07889749030073692,2.1354201292331876e-5,0.9866414313876052,0.07604841222348413,9.114551642748143
2019,OR,Both,40,80,50,0.003515342284800903,0.0837644666478677,8.687384356207711e-4,0.08200727730225063,0.08552165599348477,8.274954862111452,8.104931698384686,8.452264279001033,0.9958226101470079,0.06419265786369607,41,0.07889749030073692,2.1354201292331876e-5,0.9658641450019129,0.08359832824900293,8.29140002052867
2019,PA,Both,40,80,50,0.00412193357495265,0.07888551775630319,8.160157416845743e-4,0.07723497012499074,0.08053606538761564,8.786748192504076,8.606668046469196,8.97452513334585,0.9958441630311606,0.06029688243264787,41,0.07889749030073692,2.1354201292331876e-5,0.9697602551638506,0.0788858798029919,8.786707865729557
2019,RI,Both,40,80,50,0.0037304463935923992,0.07925443515585358,0.0011828748472672485,0.07686184494274624,0.08164702536896092,8.745847209646675,8.489558283692885,9.018091890407588,0.9913873180488632,0.08740476678914279,41,0.07889749030073692,2.1354201292331876e-5,0.9385061897927831,0.07923248525667859,8.748270085362735
2019,SC,Both,40,80,50,0.005164615310197022,0.07249641235481503,8.673533057704117e-4,0.07074202469876935,0.07425080001086072,9.561123896276616,9.335214980290557,9.798237801525682,0.9944485558572472,0.06409030810807903,41,0.07889749030073692,2.1354201292331876e-5,0.9659692102658205,0.0727142460924648,9.532481154772977
2019,SD,Both,40,80,50,0.004242026323699049,0.07441557296662599,0.0015069588401402368,0.0713674610038052,0.07746368492944677,9.314544697126891,8.948027468500337,9.712369906545895,0.9842584005220231,0.11135192052446766,41,0.07889749030073692,2.1354201292331876e-5,0.9038767063938874,0.07484638962245106,9.260930073666874
2019,TN,Both,40,80,50,0.005734077747961827,0.07388265429519161,6.332861228036825e-4,0.07260171220481132,0.075163596385571907,9.381730897086303,9.2218469297858,9.547256662550314,0.9971428243557549,0.046794659639888776,41,0.07889749030073692,2.1354201292331876e-5,0.9815653111179578,0.0739751012367483,9.370006515322123
2019,TX,Both,40,80,50,0.0038719132331048677,0.08377090138600937,4.7082115976097524e-4,0.08281857570119967,0.08472322707081907,8.274319233667793,8.181312309793775,8.369465119283676,0.9987695740574631,0.03478982900293614,41,0.07889749030073692,2.1354201292331876e-5,0.9897259056133805,0.08372083150053448,8.279267753755171
2019,UT,Both,40,80,50,0.003193794082476968,0.0836493200955495,0.001495878093429735,0.08062362105848728,0.08667501913261172,8.286345660289756,7.997081367809548,8.597321373808196,0.9876817445136145,0.11053314406276638,41,0.07889749030073692,2.1354201292331876e-5,0.9051515236265285,0.08319861627952546,8.331234479082598
2019,VA,Both,40,80,50,0.0035702182335600155,0.0847787904067348,6.17255028980642e-4,0.08353027426426864,0.08602730654920097,8.175950343647294,8.057292601198883,8.29815520977464,0.9979368893260655,0.04561009305601487,41,0.07889749030073692,2.1354201292331876e-5,0.9824706613213356,0.0846756951053059,8.18590481835338
2019,VT,Both,40,80,50,0.0035709958777290335,0.0795516485944726,0.001097790663284389,0.07733115738774614,0.08177213980119906,8.713171792245001,8.476568942002682,8.96336229761099,0.9926278904904627,0.08111774219339013,41,0.07889749030073692,2.1354201292331876e-5,0.9465789318531426,0.07951670275968412,8.717001038822989
2019,WA,Both,40,80,50,0.0033363530737594797,0.08396123703678068,6.009715871204733e-4,0.08274565726431202,0.08517681680924935,8.255561792834234,8.137744594426737,8.37684059171644,0.9980058953960496,0.044406880018219116,41,0.07889749030073692,2.1354201292331876e-5,0.9833681452608415,0.08387701753663092,8.263851063340836
2019,WI,Both,40,80,50,0.003582170864393111,0.08232031218488964,7.95372742898643e-4,0.08071151895978382,0.08392910540999546,8.420123322700134,8.258722372577505,8.58795856518721,0.9963724474981809,0.058771533830569406,41,0.07889749030073692,2.1354201292331876e-5,0.9712274068620259,0.08222182872343316,8.430208757475603
2019,WV,Both,40,80,50,0.006613930012573192,0.06878584638852009,0.0010021247108305982,0.06675885783517857,0.07081283494186161,10.076886699116448,9.788439922353476,10.382849602838643,0.9917902522351842,0.07404881154260959,41,0.07889749030073692,2.1354201292331876e-5,0.955083930182163,0.06924002169245433,10.010788032948918
2019,WY,Both,40,80,50,0.004483623912909555,0.07367908614380021,0.0014054239535566016,0.0708363478741391,0.07652182441346132,9.407651707393914,9.058163287047956,9.785190814629773,0.9860082703197409,0.10384932369158424,41,0.07889749030073692,2.1354201292331876e-5,0.9153336569422791,0.07412090934036525,9.351574160767434
2022,AK,Both,40,80,50,0.005402905407927359,0.07020987071037385,7.717623203928848e-4,0.06864883407248866,0.07177090734825904,9.872503303976735,9.65777368811207,10.096998585992406,0.9953097750529444,0.05702691691046452,41,0.07512852750834856,2.262378897737466e-5,0.9743483068547261,0.07033604258524241,9.8547935749996
2022,AL,Both,40,80,50,0.006889145098768623,0.07060954735612712,7.366357514368926e-4,0.06911956091032126,0.07209953380193299,9.816621215031732,9.613753987149387,10.028234720114394,0.9957732768270481,0.054431351052593516,41,0.07512852750834856,2.262378897737466e-5,0.9765767778531391,0.07071539643210986,9.801927381194837
2022,AR,Both,40,80,50,0.006743880521348541,0.07294516074301285,5.49786589645872e-4,0.07183311240017817,0.07405720908584754,9.502305204342692,9.359617910478441,9.649410381920553,0.9977894576914604,0.04062472776626611,41,0.07512852750834856,2.262378897737466e-5,0.9868156425621915,0.07297394703086488,9.498556796808229
2022,AZ,Both,40,80,50,0.00522338456960653,0.0704021823376544,9.150875130475172e-4,0.06855124313397416,0.07225312154133463,9.845535430074554,9.593318126240526,10.111372877735894,0.993454158966228,0.06761747521672022,41,0.07512852750834856,2.262378897737466e-5,0.9643076193989305,0.07057087684833885,9.82200039896856
2022,CA,Both,40,80,50,0.0038132283136233414,0.07841588591480966,8.290440720673151e-4,0.0767389859979288,0.08009278583169052,8.839371926665144,8.654302299042843,9.03252983533889,0.9956596709714972,0.061259569382485515,41,0.07512852750834856,2.262378897737466e-5,0.9705155919935659,0.07831896009829019,8.850311338276791
2022,CO,Both,40,80,50,0.00409199825475017,0.07534946456765328,0.0011142855558424769,0.07309560929152259,0.07760331984378396,9.199098952290445,8.931926906674295,9.482747148265915,0.9915431450033503,0.08233657970657457,41,0.07512852750834856,2.262378897737466e-5,0.9479735854846016,0.07533797000462408,9.200502489214953
2022,CT,Both,40,80,50,0.0037910466225867375,0.07669458259514507,0.0013606869183136517,0.07394233352045924,0.0794468316698309,9.037759344997374,8.72466737805934,9.374158855402596,0.9878730168878744,0.10054362305784323,41,0.07512852750834856,2.262378897737466e-5,0.9243534470718339,0.0765761159261333,9.05174116206896
2022,DC,Both,40,80,50,0.005623238711760698,0.0745904482911564,0.0017058845157350742,0.07113997117054775,0.07804092541176504,9.292706994524476,8.881842147600292,9.743427909159895,0.9800093170511504,0.12605089930815566,41,0.07512852750834856,2.262378897737466e-5,0.8860319085778458,0.07465177215257371,9.285073355570008
2022,DE,Both,40,80,50,0.005457229614454351,0.06851221080530791,0.0011991084262235148,0.06608678507944603,0.07093763653116979,10.117133462962846,9.771218981272071,10.488438493818098,0.9881944033031029,0.08860429536657734,41,0.07512852750834856,2.262378897737466e-5,0.940242625999207,0.0689075845170392,10.059083995152182
2022,FL,Both,40,80,50,0.0046344773868840505,0.0725562507442243,8.903779060311771e-4,0.07075529143829369,0.0743572100501549,9.553238672756557,9.321855676032069,9.796400614990683,0.9941612414224996,0.06579163756051835,41,0.07512852750834856,2.262378897737466e-5,0.9661447815200586,0.0726433357360646,9.54178622906801
2022,GA,Both,40,80,50,0.005203216774651404,0.07757003600962559,7.883239998504976e-4,0.07597550021308093,0.07916457180617024,8.935759427440944,8.755775023416724,9.123298676756907,0.9959881904591078,0.05825068942872665,41,0.07512852750834856,2.262378897737466e-5,0.9732652951891054,0.07750476300055066,8.943284950823223
2022,HI,Both,40,80,50,0.004014701094946272,0.07322373044881769,7.794648315049546e-4,0.07164711401164464,0.07480034688599074,9.466154978875938,9.26663056277569,9.674460585352952,0.9956001395236106,0.05759606941970638,41,0.07512852750834856,2.262378897737466e-5,0.9738471802776688,0.07327354626292323,9.45971931087879
2022,IA,Both,40,80,50,0.004398455276340429,0.07984695415913773,5.540002033297912e-4,0.07872638297816405,0.08096752534011141,8.680947042494308,8.560804812155464,8.804509420332446,0.9981260709389234,0.04093607931984201,41,0.07512852750834856,2.262378897737466e-5,0.9866154912124643,0.0797838003361669,8.687818550124064
2022,ID,Both,40,80,50,0.003906608928902407,0.08062038885389106,9.306359989348737e-4,0.07873799986898615,0.08250277783879596,8.597666054627213,8.401501121747696,8.803210415724145,0.9948300846037104,0.06876638102535107,41,0.07512852750834856,2.262378897737466e-5,0.9631294989610133,0.08041790117444426,8.619314486414602
2022,IL,Both,40,80,50,0.004461472403587277,0.07913195297243988,6.326403781475877e-4,0.07785231702391214,0.08041158892096763,8.75938422499638,8.619991096571958,8.903359682243586,0.9975134716072077,0.046746944396639074,41,0.07512852750834856,2.262378897737466e-5,0.9826166847080895,0.07906236016534993,8.767094469609898
2022,IN,Both,40,80,50,0.0057119392908119,0.07501594644950191,7.931304894123359e-4,0.07341168861016327,0.07662020428884055,9.239997805353926,9.046532660588321,9.44191849666818,0.995659322938709,0.05860584965569191,41,0.07512852750834856,2.262378897737466e-5,0.9729471393899718,0.07501899208919421,9.239622677625746
2022,KS,Both,40,80,50,0.005025435518955744,0.07743187773163648,9.695325042662837e-4,0.07547081313857656,0.0793929423246964,8.951703108146955,8.730589398301355,9.184307836821839,0.9939228153511657,0.07164051431617117,41,0.07512852750834856,2.262378897737466e-5,0.9601085569927482,0.07733999376747845,8.96233820038675
2022,KY,Both,40,80,50,0.007173530010468569,0.0708445282833054,8.825746665913509e-4,0.0690593525189366,0.07262970404767419,9.78406091982246,9.543577103177551,10.036977690601415,0.9939836356341364,0.06521504205253749,41,0.07512852750834856,2.262378897737466e-5,0.9667159283847415,0.07098711722031145,9.764408074337409
2022,LA,Both,40,80,50,0.007054402529592367,0.06694865349461088,9.344758569114103e-4,0.0650584976638426,0.06883880932537915,10.353414809391815,10.06913378300399,10.654214367836133,0.9924589876235508,0.06905011509216123,41,0.07512852750834856,2.262378897737466e-5,0.962835942474027,0.06725265080301264,10.306615014926596
2022,MA,Both,40,80,50,0.0036127394932660532,0.07936503192227966,0.0012755605618912692,0.0767849671557852,0.08194509668877412,8.733659695856083,8.458677926667226,9.02712088361845,0.9900263269728564,0.0942534822640837,41,0.07512852750834856,2.262378897737466e-5,0.9329072932248746,0.07908079337388425,8.765050918025452
2022,MD,Both,40,80,50,0.00431643204657849,0.07759745923146243,9.238658704136174e-4,0.07572876412404494,0.07946615433887991,8.932601497845228,8.722545923186992,9.153023802482224,0.9945021463341047,0.06826612395597471,41,0.07512852750834856,2.262378897737466e-5,0.9636445620250795,0.077507700137338445,8.942946047060293
2022,ME,Both,40,80,50,0.005240027354542233,0.06989296553695326,0.001370796584500176,0.06712026773226736,0.07266566334163917,9.917266712534467,9.538854373366124,10.326943023004691,0.9852199167114114,0.10129064461924564,41,0.07512852750834856,2.262378897737466e-5,0.9233117139639571,0.07029447181097505,9.860621506963575
2022,MI,Both,40,80,50,0.005040241271256348,0.07535771115946568,8.80040471692003e-4,0.0735776612881094,0.07713776103082197,9.198092270785205,8.985834840124335,9.420619905894755,0.9947093297969283,0.06502778579741678,41,0.07512852750834856,2.262378897737466e-5,0.966900477860671,0.07535012529013156,9.199018288171649
2022,MN,Both,40,80,50,0.003692930698588092,0.07992931395857616,0.0010010651649262734,0.07790446853911469,0.08195415937803764,8.672002125767936,8.457742545593083,8.897399514533962,0.9939196523367743,0.07397051977498612,41,0.07512852750834856,2.262378897737466e-5,0.9575833895277281,0.0797256808697563,8.694151909374142
2022,MO,Both,40,80,50,0.005819373019017915,0.07375610567431937,8.291780204419022e-4,0.07207893482127747,0.07543327652736126,9.397827803173826,9.188878071715816,9.616501440797242,0.9950951152353593,0.061269467070706386,41,0.07512852750834856,2.262378897737466e-5,0.9705063446775448,0.07379658341084923,9.392673055078617
2022,MS,Both,40,80,50,0.007617831950516529,0.069827927158781,6.573727704589582e-4,0.06849826522489426,0.07115758909266774,9.926503746614232,9.741015531839722,10.11919321291126,0.9965554602458282,0.04857446569959609,41,0.07512852750834856,2.262378897737466e-5,0.9812569261785068,0.06992727670243118,9.912400614563708
2022,MT,Both,40,80,50,0.004712258746940018,0.07272536982636411,0.0014260638699841316,0.06984088338515473,0.0756098562675735,9.53102311084664,9.167418307303576,9.924662274636686,0.9852257166639341,0.10537444453261273,41,0.07512852750834856,2.262378897737466e-5,0.9175235720941077,0.0729235736876688,9.505118105274025
2022,NC,Both,40,80,50,0.0054314633772637975,0.07348651000502741,8.685614618561589e-4,0.0717296786226371,0.07524334138741773,9.43230506541303,9.212073357973628,9.663324775321044,0.9945813539124708,0.06417958095140948,41,0.07512852750834856,2.262378897737466e-5,0.9677306464756118,0.07353949684833531,9.425508879799139
2022,ND,Both,40,80,50,0.00484602364881007,0.06903306411287775,0.0013941841517995368,0.06621306048817367,0.07185306773758184,10.040799861158739,9.646730506920353,10.468435916562843,0.9843419887625445,0.1030187943641562,41,0.07512852750834856,2.262378897737466e-5,0.9208813917216849,0.06951532869353881,9.971141524996785
2022,NE,Both,40,80,50,0.004000126090658604,0.08134737635044623,7.066580635190232e-4,0.07991802550179554,0.08277672719909691,8.520830193390042,8.373696375948377,8.673227049939719,0.9970655962080096,0.05221624534856033,41,0.07512852750834856,2.262378897737466e-5,0.9784040877008867,0.08121307463625084,8.534921053839122
2022,NH,Both,40,80,50,0.004014770461928517,0.07833548264717217,0.001166251765328003,0.07597651579096638,0.08069444950337797,8.848444627346241,8.58977519303765,9.123176725647644,0.9914297373988994,0.08617645713020192,41,0.07512852750834856,2.262378897737466e-5,0.9432894001201113,0.0781536142974616,8.86903551154714
2022,NJ,Both,40,80,50,0.0036408816107729052,0.0806557233121901,9.218738791984028e-4,0.07879105738731643,0.08252038923706378,8.593899503907675,8.399708083885532,8.79728237625513,0.9949309080574585,0.0681189321139856,41,0.07512852750834856,2.262378897737466e-5,0.9637954985376679,0.08045561394362732,8.615274268438387
2022,NM,Both,40,80,50,0.007128019360324064,0.05760890792487785,0.001405827772153457,0.05476535285500754,0.06045246299474816,12.031944460113891,11.465987425858279,12.65667332400957,0.977302472210287,0.10387916257975134,41,0.07512852750834856,2.262378897737466e-5,0.9196609584931946,0.05901641736977774,11.744989131022809
2022,NV,Both,40,80,50,0.005017959296973808,0.07799895581380342,0.0010020086673763434,0.07597220198050315,0.08002570964710369,8.886621280092566,8.66155618758742,9.12369475269163,0.9936049531022243,0.07404023688141026,41,0.07512852750834856,2.262378897737466e-5,0.9575067958157097,0.07787698211772336,8.900539822050934
2022,NY,Both,40,80,50,0.003869823327988076,0.07724687077084194,9.742507817896671e-4,0.07527626256067727,0.07921747898100662,8.973142518824007,8.749927282161252,9.208044567850672,0.9938346395537362,0.07198915639570354,41,0.07512852750834856,2.262378897737466e-5,0.959735016519108,0.07716157571437078,8.983061506231678
2022,OH,Both,40,80,50,0.005600424530468629,0.07478606656193393,8.068945920077825e-4,0.07315396819725302,0.07641816492661484,9.268400016544751,9.070450477652555,9.475182244262362,0.9954805082920875,0.059622904148139866,41,0.07512852750834856,2.262378897737466e-5,0.9720265272169071,0.07479564638389773,9.267212920418968
2022,OK,Both,40,80,50,0.006813156267195737,0.07375349120818633,3.6733680242057503e-4,0.0730104823933349,0.07449650002303777,9.398160944047742,9.304426118617545,9.49380359967629,0.9990334855115365,0.027143182241819875,41,0.07512852750834856,2.262378897737466e-5,0.9940710068507168,0.07376164378899001,9.397122202737672
2022,OR,Both,40,80,50,0.004501928701095634,0.07769798082561302,7.485844412666393e-4,0.0761838258733822,0.07921213577784385,8.921044964034,8.750517502822126,9.098350898154662,0.9963929068181332,0.05531426140478977,41,0.07512852750834856,2.262378897737466e-5,0.9758292523443808,0.07763587521786854,8.92818144465784
2022,PA,Both,40,80,50,0.0047184867546316905,0.07646438969623119,8.970846321588723e-4,0.07464986475625893,0.07827891463620346,9.064967147630414,8.854838927970643,9.28531060067097,0.9946606556918327,0.06628720971209814,41,0.07512852750834856,2.262378897737466e-5,0.9656504203792812,0.07641850339164621,9.070410303739573
2022,RI,Both,40,80,50,0.003964156591081444,0.07773143365993707,0.00148996881757416,0.0747176872614919,0.08074518005838223,8.917205664729618,8.584378411922174,9.276882167593273,0.9858731078147681,0.11009649695741744,41,0.07512852750834856,2.262378897737466e-5,0.910641390210505,0.0774988415848186,8.943968275981653
2022,SC,Both,40,80,50,0.006117630640493412,0.06917723741597155,8.545252122638932e-4,0.06744879702818289,0.07090567780376021,10.01987368174249,9.775623081670716,10.276642595572458,0.9940842321222303,0.0631424170240164,41,0.07512852750834856,2.262378897737466e-5,0.9687328395141253,0.0693633173583879,9.992993515269424
2022,SD,Both,40,80,50,0.004812868995492125,0.07071284299700666,0.001369208516558715,0.06794335736292634,0.07348232863108697,9.802281328008362,9.432841793022694,10.201838817846891,0.9855887081571969,0.1011732994001894,41,0.07512852750834856,2.262378897737466e-5,0.9234757083307095,0.07105075012647215,9.755663090482868
2022,TN,Both,40,80,50,0.006861281311782407,0.07020471746686792,8.118874165611665e-4,0.06856252016129755,0.07184691477243829,9.873227976269057,9.64755665229829,10.109709779180722,0.9948112312515632,0.05999183300541994,41,0.07512852750834856,2.262378897737466e-5,0.9716891041386483,0.07034411494019335,9.853662685915657
2022,TX,Both,40,80,50,0.004500475201362134,0.08140505197990797,6.036378301431135e-4,0.08018407922188679,0.08262602473792914,8.514793169483202,8.388969247382404,8.644448964012621,0.9978601444053936,0.044603893548547734,41,0.07512852750834856,2.262378897737466e-5,0.9841492964466071,0.08130556465116366,8.525212063083861
2022,UT,Both,40,80,50,0.003574065041212716,0.08173498150052778,0.0015300748606928863,0.07864011297282777,0.0848298500282278,8.480422553903306,8.171029187594876,8.814168168851001,0.9865172429281187,0.11306000518800172,41,0.07512852750834856,2.262378897737466e-5,0.9062232419907286,0.0811154496632038,8.545193097467052
2022,VA,Both,40,80,50,0.00438388707876449,0.08012080638078656,6.916956141431196e-4,0.07872171994263003,0.08151989281894309,8.651275640757481,8.502797986982584,8.80503095035385,0.9971016990182945,0.05111064284013219,41,0.07512852750834856,2.262378897737466e-5,0.9792901903691904,0.08001741723571446,8.662453807001539
2022,VT,Both,40,80,50,0.004517231793459886,0.07184253881895179,0.0012380082641749574,0.06933843074407464,0.07434664689382894,9.648144288256914,9.323180123372573,9.996580152186075,0.988551524420207,0.09147867491073303,41,0.07512852750834856,2.262378897737466e-5,0.9365525876552404,0.07205102629828816,9.62022633363119
2022,WA,Both,40,80,50,0.004100665285191386,0.07891030365772331,8.411540254408833e-4,0.07720890904811166,0.08061169826733496,8.783988255405779,8.598592951872082,8.977554392434431,0.9955880770426584,0.06215439579027452,41,0.07512852750834856,2.262378897737466e-5,0.9696742482035515,0.07879561845286764,8.7967731476663
2022,WI,Both,40,80,50,0.00420683111776277,0.07800061768155735,9.639958617093399e-4,0.07605075200512486,0.07995048335798983,8.886431943266965,8.669705941067031,9.114271223948396,0.9940783941456407,0.07123140176077063,41,0.07512852750834856,2.262378897737466e-5,0.9605449419011637,0.0778872991969083,8.899360841972287
2022,WV,Both,40,80,50,0.008406152981557622,0.0655535451557584,9.200272935415573e-4,0.06369261430292589,0.0674144760085909,10.573755834455543,10.28187448155222,10.882693199925752,0.9923765743904851,0.06798248455229669,41,0.07512852750834856,2.262378897737466e-5,0.9639351685463428,0.06589886528047631,10.518347738004257
2022,WY,Both,40,80,50,0.004669180286309325,0.07778835568729839,9.426160483670547e-4,0.07588173476518542,0.07969497660941136,8.910680453850052,8.697501524557698,9.13457214314981,0.9943058998722261,0.06965160859542013,41,0.07512852750834856,2.262378897737466e-5,0.9622102267373207,0.07768784138349819,8.92220929576733
